Workbook

Sheet 毛立新
A1: ='[1]特别隐藏版（勿动、勿看）'!A1 -> 2026年度WB进度
A2: ='[1]特别隐藏版（勿动、勿看）'!A2 -> 项目 | B2: ='[1]特别隐藏版（勿动、勿看）'!B2 -> 月度 | C2: ='[1]特别隐藏版（勿动、勿看）'!C2 -> 2月 | D2: ='[1]特别隐藏版（勿动、勿看）'!D2 -> 3月 | E2: ='[1]特别隐藏版（勿动、勿看）'!E2 -> 4月 | F2: ='[1]特别隐藏版（勿动、勿看）'!F2 -> 5月 | G2: ='[1]特别隐藏版（勿动、勿看）'!G2 -> 6月 | H2: ='[1]特别隐藏版（勿动、勿看）'!H2 -> 7月 | ... O2: ='[1]特别隐藏版（勿动、勿看）'!O2 -> 汇总
B3: ='[1]特别隐藏版（勿动、勿看）'!B3 -> 季度 | C3: ='[1]特别隐藏版（勿动、勿看）'!C3 -> Q1 | F3: ='[1]特别隐藏版（勿动、勿看）'!F3 -> Q2 | I3: ='[1]特别隐藏版（勿动、勿看）'!I3 -> Q3 | L3: ='[1]特别隐藏版（勿动、勿看）'!L3 -> Q4
B4: ='[1]特别隐藏版（勿动、勿看）'!B4 -> 季度财报 | C4: ='[1]2026年度男装汇总分析'!C4 -> 935295.04 | F4: ='[1]2026年度男装汇总分析'!F4 -> 698610.82 | I4: ='[1]2026年度男装汇总分析'!I4 -> 0 | L4: ='[1]2026年度男装汇总分析'!L4 -> 0
B5: ='[1]特别隐藏版（勿动、勿看）'!B5 -> 季度财报进度 | C5: ='[1]2026年度男装汇总分析'!C5 -> 0.72521594 | F5: ='[1]2026年度男装汇总分析'!F5 -> 0.42005135 | I5: ='[1]2026年度男装汇总分析'!I5 -> 0 | L5: ='[1]2026年度男装汇总分析'!L5 -> 0
A6: ='[1]特别隐藏版（勿动、勿看）'!A6 -> 目标完成情况 | B6: ='[1]特别隐藏版（勿动、勿看）'!B6 -> 月度目标 利润（人民币） | C6: ='[1]2026年度男装汇总分析'!C6 -> 335792.79 | D6: ='[1]2026年度男装汇总分析'!D6 -> 495821.97 | E6: ='[1]2026年度男装汇总分析'!E6 -> 546265.88 | F6: ='[1]2026年度男装汇总分析'!F6 -> 614961.36 | G6: ='[1]2026年度男装汇总分析'!G6 -> 531399.52 | H6: ='[1]2026年度男装汇总分析'!H6 -> 549112.84 | I6: ='[1]2026年度男装汇总分析'!I6 -> 691873.25 | J6: ='[1]2026年度男装汇总分析'!J6 -> 669554.76 | ... N6: ='[1]2026年度男装汇总分析'!N6 -> 358899.96 | O6: =SUM(C6:N6) -> 6719999.8
B7: ='[1]特别隐藏版（勿动、勿看）'!B7 -> 实际利润（人民币） | C7: 327365.83 | D7: 456333.74 | E7: 125279.63 | F7: 254528.81 | G7: 259564.05 | H7: 135256.18
B8: ='[1]特别隐藏版（勿动、勿看）'!B8 -> 目标完成进度 | C8: =IFERROR(C7/C6,0) -> 0.97490427 | D8: =IFERROR(D7/D6,0) -> 0.92035805 | E8: =IFERROR(E7/E6,0) -> 0.22933819 | F8: =IFERROR(F7/F6,0) -> 0.41389399 | G8: =IFERROR(G7/G6,0) -> 0.48845368 | H8: =IFERROR(H7/H6,0) -> 0.24631764 | I8: =IFERROR(I7/I6,0) -> 0 | J8: =IFERROR(J7/J6,0) -> 0 | ... N8: =IFERROR(N7/N6,0) -> 0
B9: ='[1]特别隐藏版（勿动、勿看）'!B9 -> 0 | C9: ='[1]特别隐藏版（勿动、勿看）'!C9 -> 0 | D9: ='[1]特别隐藏版（勿动、勿看）'!D9 -> 0 | E9: ='[1]特别隐藏版（勿动、勿看）'!E9 -> 0 | F9: ='[1]特别隐藏版（勿动、勿看）'!F9 -> 0 | G9: ='[1]特别隐藏版（勿动、勿看）'!G9 -> 0 | H9: ='[1]特别隐藏版（勿动、勿看）'!H9 -> 0 | I9: ='[1]特别隐藏版（勿动、勿看）'!I9 -> 0 | ... O9: ='[1]特别隐藏版（勿动、勿看）'!O9 -> 0
B10: ='[1]特别隐藏版（勿动、勿看）'!B10 -> 销量目标 | C10: ='[1]2026年度男装汇总分析'!C10 -> 20440 | D10: ='[1]2026年度男装汇总分析'!D10 -> 30070 | E10: ='[1]2026年度男装汇总分析'!E10 -> 33000 | F10: ='[1]2026年度男装汇总分析'!F10 -> 37200 | G10: ='[1]2026年度男装汇总分析'!G10 -> 32100 | H10: ='[1]2026年度男装汇总分析'!H10 -> 33170 | I10: ='[1]2026年度男装汇总分析'!I10 -> 41850 | J10: ='[1]2026年度男装汇总分析'!J10 -> 40500 | ... N10: ='[1]2026年度男装汇总分析'!N10 -> 21700 | O10: =SUM(C10:N10) -> 406580
B11: ='[1]特别隐藏版（勿动、勿看）'!B11 -> 销量完成 | C11: 32208 | D11: 44003 | E11: 26815 | F11: 38565 | G11: 24320 | H11: 14546
B12: ='[1]特别隐藏版（勿动、勿看）'!B12 -> 销量完成进度 | C12: =IFERROR(C11/C10,0) -> 1.5757339 | D12: =IFERROR(D11/D10,0) -> 1.4633522 | E12: =IFERROR(E11/E10,0) -> 0.81257576 | F12: =IFERROR(F11/F10,0) -> 1.0366935 | G12: =IFERROR(G11/G10,0) -> 0.7576324 | H12: =IFERROR(H11/H10,0) -> 0.43852879 | I12: =IFERROR(I11/I10,0) -> 0 | J12: =IFERROR(J11/J10,0) -> 0 | ... N12: =IFERROR(N11/N10,0) -> 0
B13: ='[1]特别隐藏版（勿动、勿看）'!B13 -> 0 | C13: ='[1]特别隐藏版（勿动、勿看）'!C13 -> 0 | D13: ='[1]特别隐藏版（勿动、勿看）'!D13 -> 0 | E13: ='[1]特别隐藏版（勿动、勿看）'!E13 -> 0 | F13: ='[1]特别隐藏版（勿动、勿看）'!F13 -> 0 | G13: ='[1]特别隐藏版（勿动、勿看）'!G13 -> 0 | H13: ='[1]特别隐藏版（勿动、勿看）'!H13 -> 0 | I13: ='[1]特别隐藏版（勿动、勿看）'!I13 -> 0 | ... O13: ='[1]特别隐藏版（勿动、勿看）'!O13 -> 0
B14: ='[1]特别隐藏版（勿动、勿看）'!B14 -> 实销目标 | C14: ='[1]2026年度男装汇总分析'!C14 -> 6897.3576 | D14: ='[1]2026年度男装汇总分析'!D14 -> 10111.687 | E14: ='[1]2026年度男装汇总分析'!E14 -> 11086.227 | F14: ='[1]2026年度男装汇总分析'!F14 -> 12472.055 | G14: ='[1]2026年度男装汇总分析'!G14 -> 10728.765 | H14: ='[1]2026年度男装汇总分析'!H14 -> 11086.39 | I14: ='[1]2026年度男装汇总分析'!I14 -> 13984.806 | J14: ='[1]2026年度男装汇总分析'!J14 -> 13533.683 | ... N14: ='[1]2026年度男装汇总分析'!N14 -> 7213.1483 | O14: ='[1]特别隐藏版（勿动、勿看）'!O14 -> 134432.17
B15: ='[1]特别隐藏版（勿动、勿看）'!B15 -> 实销完成 | C15: 8307 | D15: 9824 | E15: 5779 | F15: 7790 | G15: 5201 | H15: 2905
B16: ='[1]特别隐藏版（勿动、勿看）'!B16 -> 实销完成进度 | C16: =IFERROR(C15/C14,0) -> 1.2043743 | D16: =IFERROR(D15/D14,0) -> 0.97154902 | E16: =IFERROR(E15/E14,0) -> 0.52127745 | F16: =IFERROR(F15/F14,0) -> 0.62459633 | G16: =IFERROR(G15/G14,0) -> 0.48477156 | H16: =IFERROR(H15/H14,0) -> 0.26203299 | I16: =IFERROR(I15/I14,0) -> 0 | J16: =IFERROR(J15/J14,0) -> 0 | ... N16: =IFERROR(N15/N14,0) -> 0
B17: ='[1]特别隐藏版（勿动、勿看）'!B17 -> 0 | C17: ='[1]特别隐藏版（勿动、勿看）'!C17 -> 0 | D17: ='[1]特别隐藏版（勿动、勿看）'!D17 -> 0 | E17: ='[1]特别隐藏版（勿动、勿看）'!E17 -> 0 | F17: ='[1]特别隐藏版（勿动、勿看）'!F17 -> 0 | G17: ='[1]特别隐藏版（勿动、勿看）'!G17 -> 0 | H17: ='[1]特别隐藏版（勿动、勿看）'!H17 -> 0 | I17: ='[1]特别隐藏版（勿动、勿看）'!I17 -> 0 | ... O17: ='[1]特别隐藏版（勿动、勿看）'!O17 -> 0
B18: ='[1]特别隐藏版（勿动、勿看）'!B18 -> GMV目标 | C18: ='[1]2026年度男装汇总分析'!C18 -> 80493092 | D18: ='[1]2026年度男装汇总分析'!D18 -> 1.1908907e+08 | E18: ='[1]2026年度男装汇总分析'!E18 -> 1.3140765e+08 | F18: ='[1]2026年度男装汇总分析'!F18 -> 1.4788553e+08 | G18: ='[1]2026年度男装汇总分析'!G18 -> 1.2792679e+08 | H18: ='[1]2026年度男装汇总分析'!H18 -> 1.3219101e+08 | I18: ='[1]2026年度男装汇总分析'!I18 -> 1.6675712e+08 | J18: ='[1]2026年度男装汇总分析'!J18 -> 1.6137785e+08 | ... N18: ='[1]2026年度男装汇总分析'!N18 -> 86489222 | O18: ='[1]特别隐藏版（勿动、勿看）'!O18 -> 1.7028965e+09
B19: ='[1]特别隐藏版（勿动、勿看）'!B19 -> GMV完成 | C19: 132982222 | D19: 198981220 | E19: 126832523 | F19: 172035142 | G19: 108381782 | H19: 68236801
B20: ='[1]特别隐藏版（勿动、勿看）'!B20 -> GMV完成进度 | C20: =IFERROR(C19/C18,0) -> 1.6520948 | D20: =IFERROR(D19/D18,0) -> 1.6708604 | E20: =IFERROR(E19/E18,0) -> 0.96518373 | F20: =IFERROR(F19/F18,0) -> 1.1632993 | G20: =IFERROR(G19/G18,0) -> 0.84721725 | H20: =IFERROR(H19/H18,0) -> 0.51619848 | I20: =IFERROR(I19/I18,0) -> 0 | J20: =IFERROR(J19/J18,0) -> 0 | ... N20: =IFERROR(N19/N18,0) -> 0
B21: ='[1]特别隐藏版（勿动、勿看）'!B21 -> 0 | C21: ='[1]特别隐藏版（勿动、勿看）'!C21 -> 0 | D21: ='[1]特别隐藏版（勿动、勿看）'!D21 -> 0 | E21: ='[1]特别隐藏版（勿动、勿看）'!E21 -> 0 | F21: ='[1]特别隐藏版（勿动、勿看）'!F21 -> 0 | G21: ='[1]特别隐藏版（勿动、勿看）'!G21 -> 0 | H21: ='[1]特别隐藏版（勿动、勿看）'!H21 -> 0 | I21: ='[1]特别隐藏版（勿动、勿看）'!I21 -> 0 | ... O21: ='[1]特别隐藏版（勿动、勿看）'!O21 -> 0
B22: ='[1]特别隐藏版（勿动、勿看）'!B22 -> GSV目标 | C22: ='[1]2026年度男装汇总分析'!C22 -> 2071988.3 | D22: ='[1]2026年度男装汇总分析'!D22 -> 3065494.9 | E22: ='[1]2026年度男装汇总分析'!E22 -> 3382589.7 | F22: ='[1]2026年度男装汇总分析'!F22 -> 3806750.1 | G22: ='[1]2026年度男装汇总分析'!G22 -> 3292988.2 | H22: ='[1]2026年度男装汇总分析'!H22 -> 3402754.5 | I22: ='[1]2026年度男装汇总分析'!I22 -> 4292527.2 | J22: ='[1]2026年度男装汇总分析'!J22 -> 4154058.6 | ... N22: ='[1]2026年度男装汇总分析'!N22 -> 2226335.8 | O22: ='[1]特别隐藏版（勿动、勿看）'!O22 -> 43834589
B23: ='[1]特别隐藏版（勿动、勿看）'!B23 -> GSV完成 | C23: 2931788.9 | D23: 3779574.8 | E23: 2243082.8 | F23: 2997722.2 | G23: 2098469.2 | H23: 1098691.8
B24: ='[1]特别隐藏版（勿动、勿看）'!B24 -> GSV完成进度 | C24: =IFERROR(C23/C22,0) -> 1.4149641 | D24: =IFERROR(D23/D22,0) -> 1.2329411 | E24: =IFERROR(E23/E22,0) -> 0.66312588 | F24: =IFERROR(F23/F22,0) -> 0.78747542 | G24: =IFERROR(G23/G22,0) -> 0.63725379 | H24: =IFERROR(H23/H22,0) -> 0.32288308 | I24: =IFERROR(I23/I22,0) -> 0 | J24: =IFERROR(J23/J22,0) -> 0 | ... N24: =IFERROR(N23/N22,0) -> 0
B25: 利润率 | C25: =IFERROR(C7/C23,0) -> 0.11166078 | D25: =IFERROR(D7/D23,0) -> 0.12073679 | E25: =IFERROR(E7/E23,0) -> 0.055851541 | F25: =IFERROR(F7/F23,0) -> 0.084907405 | G25: =IFERROR(G7/G23,0) -> 0.12369209 | H25: =IFERROR(H7/H23,0) -> 0.12310657 | I25: =IFERROR(I7/I23,0) -> 0 | J25: =IFERROR(J7/J23,0) -> 0 | ... N25: =IFERROR(N7/N23,0) -> 0
B26: 全年利润目标 | C26: =SUM(C6:N6) -> 6719999.8
B27: 全年实际利润 | C27: =SUM(C7:N7) -> 1558328.2
B28: 全年利润完成进度 | C28: =IFERROR(C27/C26,0) -> 0.23189409
B30: 全年GSV目标 | C30: =SUM(C22:N22) -> 41661563
B31: 全年实际GSV | C31: =SUM(C23:N23) -> 15149330
B32: 全年GSV完成进度 | C32: =IFERROR(C31/C30,0) -> 0.36362845
B34: 时间进度 | C34: 45.3%
B36: 全年利润率 | C36: =IFERROR(C27/C31,0) -> 0.1028645

Sheet 张梦瑶
A1: ='[2]2026年度男装数据汇总分析--俄罗斯'!A1 -> 2026年度WB男装进度
A2: ='[2]2026年度男装数据汇总分析--俄罗斯'!A2 -> 项目 | B2: ='[2]2026年度男装数据汇总分析--俄罗斯'!B2 -> 月度 | C2: ='[2]2026年度男装数据汇总分析--俄罗斯'!C2 -> 2月 | D2: ='[2]2026年度男装数据汇总分析--俄罗斯'!D2 -> 3月 | E2: ='[2]2026年度男装数据汇总分析--俄罗斯'!E2 -> 4月 | F2: ='[2]2026年度男装数据汇总分析--俄罗斯'!F2 -> 5月 | G2: ='[2]2026年度男装数据汇总分析--俄罗斯'!G2 -> 6月 | H2: ='[2]2026年度男装数据汇总分析--俄罗斯'!H2 -> 7月 | ... O2: ='[2]2026年度男装数据汇总分析--俄罗斯'!O2 -> 汇总
B3: ='[2]2026年度男装数据汇总分析--俄罗斯'!B3 -> 季度 | C3: ='[2]2026年度男装数据汇总分析--俄罗斯'!C3 -> Q1 | F3: ='[2]2026年度男装数据汇总分析--俄罗斯'!F3 -> Q2 | I3: ='[2]2026年度男装数据汇总分析--俄罗斯'!I3 -> Q3 | L3: ='[2]2026年度男装数据汇总分析--俄罗斯'!L3 -> Q4
B4: ='[2]2026年度男装数据汇总分析--俄罗斯'!B4 -> 季度财报 | C4: =(C7+D7+E7) -> 0 | F4: =(F7+G7+H7) -> 0 | I4: =(I7+J7+K7) -> 0 | L4: =(L7+M7+N7) -> 0
B5: ='[2]2026年度男装数据汇总分析--俄罗斯'!B5 -> 季度财报进度 | C5: =(C7+D7+E7)/(C6+D6+E6) -> 0 | F5: =(F7+G7+H7)/(F6+G6+H6) -> 0 | I5: =(I7+J7+K7)/(I6+J6+K6) -> 0 | L5: =(L7+M7+N7)/(L6+M6+N6) -> 0
A6: ='[2]2026年度男装数据汇总分析--俄罗斯'!A6 -> 目标完成情况 | B6: ='[2]2026年度男装数据汇总分析--俄罗斯'!B6 -> 月度目标 利润（人民币） | C6: ='[2]2026年度男装数据汇总分析--俄罗斯'!C6 -> 445623.09 | D6: ='[2]2026年度男装数据汇总分析--俄罗斯'!D6 -> 485784.48 | E6: ='[2]2026年度男装数据汇总分析--俄罗斯'!E6 -> 449911.44 | F6: ='[2]2026年度男装数据汇总分析--俄罗斯'!F6 -> 464012.75 | G6: ='[2]2026年度男装数据汇总分析--俄罗斯'!G6 -> 543194.4 | H6: ='[2]2026年度男装数据汇总分析--俄罗斯'!H6 -> 606700.06 | ... O6: ='[2]2026年度男装数据汇总分析--俄罗斯'!O6 -> 8755270.4
B7: ='[2]2026年度男装数据汇总分析--俄罗斯'!B7 -> 实际利润（人民币）
B8: ='[2]2026年度男装数据汇总分析--俄罗斯'!B8 -> 目标完成进度 | C8: =IFERROR(C7/C6,0) -> 0 | D8: =IFERROR(D7/D6,0) -> 0 | E8: =IFERROR(E7/E6,0) -> 0 | F8: =IFERROR(F7/F6,0) -> 0 | G8: =IFERROR(G7/G6,0) -> 0 | H8: =IFERROR(H7/H6,0) -> 0 | I8: =IFERROR(I7/I6,0) -> 0 | J8: =IFERROR(J7/J6,0) -> 0 | ... N8: =IFERROR(N7/N6,0) -> 0
B9: ='[2]2026年度男装数据汇总分析--俄罗斯'!B9 -> 0 | C9: ='[2]2026年度男装数据汇总分析--俄罗斯'!C9 -> 0 | D9: ='[2]2026年度男装数据汇总分析--俄罗斯'!D9 -> 0 | E9: ='[2]2026年度男装数据汇总分析--俄罗斯'!E9 -> 0 | F9: ='[2]2026年度男装数据汇总分析--俄罗斯'!F9 -> 0 | G9: ='[2]2026年度男装数据汇总分析--俄罗斯'!G9 -> 0 | H9: ='[2]2026年度男装数据汇总分析--俄罗斯'!H9 -> 0 | I9: ='[2]2026年度男装数据汇总分析--俄罗斯'!I9 -> 0 | ... O9: ='[2]2026年度男装数据汇总分析--俄罗斯'!O9 -> 0
B10: ='[2]2026年度男装数据汇总分析--俄罗斯'!B10 -> 销量目标 | C10: ='[2]2026年度男装数据汇总分析--俄罗斯'!C10 -> 29092 | D10: ='[2]2026年度男装数据汇总分析--俄罗斯'!D10 -> 31620 | E10: ='[2]2026年度男装数据汇总分析--俄罗斯'!E10 -> 29700 | F10: ='[2]2026年度男装数据汇总分析--俄罗斯'!F10 -> 31930 | G10: ='[2]2026年度男装数据汇总分析--俄罗斯'!G10 -> 36000 | H10: ='[2]2026年度男装数据汇总分析--俄罗斯'!H10 -> 40207 | I10: ='[2]2026年度男装数据汇总分析--俄罗斯'!I10 -> 53723 | ... O10: ='[2]2026年度男装数据汇总分析--俄罗斯'!O10 -> 580872
B11: ='[2]2026年度男装数据汇总分析--俄罗斯'!B11 -> 销量完成 | C11: 28775 | D11: 39229 | E11: 32845 | F11: 33894 | G11: 26759 | H11: 17260
B12: ='[2]2026年度男装数据汇总分析--俄罗斯'!B12 -> 销量完成进度 | C12: =IFERROR(C11/C10,0) -> 0.98910353 | D12: =IFERROR(D11/D10,0) -> 1.2406388 | E12: =IFERROR(E11/E10,0) -> 1.1058923 | F12: =IFERROR(F11/F10,0) -> 1.0615096 | G12: =IFERROR(G11/G10,0) -> 0.74330556 | H12: =IFERROR(H11/H10,0) -> 0.42927848 | I12: =IFERROR(I11/I10,0) -> 0 | J12: =IFERROR(J11/J10,0) -> 0 | ... N12: =IFERROR(N11/N10,0) -> 0
B13: ='[2]2026年度男装数据汇总分析--俄罗斯'!B13 -> 0 | C13: ='[2]2026年度男装数据汇总分析--俄罗斯'!C13 -> 0 | D13: ='[2]2026年度男装数据汇总分析--俄罗斯'!D13 -> 0 | E13: ='[2]2026年度男装数据汇总分析--俄罗斯'!E13 -> 0 | F13: ='[2]2026年度男装数据汇总分析--俄罗斯'!F13 -> 0 | G13: ='[2]2026年度男装数据汇总分析--俄罗斯'!G13 -> 0 | H13: ='[2]2026年度男装数据汇总分析--俄罗斯'!H13 -> 0 | I13: ='[2]2026年度男装数据汇总分析--俄罗斯'!I13 -> 0 | ... O13: ='[2]2026年度男装数据汇总分析--俄罗斯'!O13 -> 0
B14: ='[2]2026年度男装数据汇总分析--俄罗斯'!B14 -> 实销目标 | C14: ='[2]2026年度男装数据汇总分析--俄罗斯'!C14 -> 9018.52 | D14: ='[2]2026年度男装数据汇总分析--俄罗斯'!D14 -> 9802.2 | E14: ='[2]2026年度男装数据汇总分析--俄罗斯'!E14 -> 9207 | F14: ='[2]2026年度男装数据汇总分析--俄罗斯'!F14 -> 9898.3 | G14: ='[2]2026年度男装数据汇总分析--俄罗斯'!G14 -> 11160 | H14: ='[2]2026年度男装数据汇总分析--俄罗斯'!H14 -> 12464.17 | I14: ='[2]2026年度男装数据汇总分析--俄罗斯'!I14 -> 16654.13 | ... O14: ='[2]2026年度男装数据汇总分析--俄罗斯'!O14 -> 180070.32
B15: ='[2]2026年度男装数据汇总分析--俄罗斯'!B15 -> 实销完成
B16: ='[2]2026年度男装数据汇总分析--俄罗斯'!B16 -> 实销完成进度 | C16: =IFERROR(C15/C14,0) -> 0 | D16: =IFERROR(D15/D14,0) -> 0 | E16: =IFERROR(E15/E14,0) -> 0 | F16: =IFERROR(F15/F14,0) -> 0 | G16: =IFERROR(G15/G14,0) -> 0 | H16: =IFERROR(H15/H14,0) -> 0 | I16: =IFERROR(I15/I14,0) -> 0 | J16: =IFERROR(J15/J14,0) -> 0 | ... N16: =IFERROR(N15/N14,0) -> 0
B17: ='[2]2026年度男装数据汇总分析--俄罗斯'!B17 -> 0 | C17: ='[2]2026年度男装数据汇总分析--俄罗斯'!C17 -> 0 | D17: ='[2]2026年度男装数据汇总分析--俄罗斯'!D17 -> 0 | E17: ='[2]2026年度男装数据汇总分析--俄罗斯'!E17 -> 0 | F17: ='[2]2026年度男装数据汇总分析--俄罗斯'!F17 -> 0 | G17: ='[2]2026年度男装数据汇总分析--俄罗斯'!G17 -> 0 | H17: ='[2]2026年度男装数据汇总分析--俄罗斯'!H17 -> 0 | I17: ='[2]2026年度男装数据汇总分析--俄罗斯'!I17 -> 0 | ... O17: ='[2]2026年度男装数据汇总分析--俄罗斯'!O17 -> 0
B18: ='[2]2026年度男装数据汇总分析--俄罗斯'!B18 -> GMV目标 | C18: ='[2]2026年度男装数据汇总分析--俄罗斯'!C18 -> 10045504 | D18: ='[2]2026年度男装数据汇总分析--俄罗斯'!D18 -> 10983920 | E18: ='[2]2026年度男装数据汇总分析--俄罗斯'!E18 -> 10324800 | F18: ='[2]2026年度男装数据汇总分析--俄罗斯'!F18 -> 11127760 | G18: ='[2]2026年度男装数据汇总分析--俄罗斯'!G18 -> 12516000 | H18: ='[2]2026年度男装数据汇总分析--俄罗斯'!H18 -> 13979264 | I18: ='[2]2026年度男装数据汇总分析--俄罗斯'!I18 -> 18703912 | ... O18: ='[2]2026年度男装数据汇总分析--俄罗斯'!O18 -> 201697160
B19: ='[2]2026年度男装数据汇总分析--俄罗斯'!B19 -> GMV完成 | C19: 112522993 | D19: 166082381 | E19: 143465985 | F19: 147490056 | G19: 116055702 | H19: 76511844
B20: ='[2]2026年度男装数据汇总分析--俄罗斯'!B20 -> GMV完成进度 | C20: =IFERROR(C19/C18,0) -> 11.201329 | D20: =IFERROR(D19/D18,0) -> 15.120502 | E20: =IFERROR(E19/E18,0) -> 13.89528 | F20: =IFERROR(F19/F18,0) -> 13.254245 | G20: =IFERROR(G19/G18,0) -> 9.2725872 | H20: =IFERROR(H19/H18,0) -> 5.4732384 | I20: =IFERROR(I19/I18,0) -> 0 | J20: =IFERROR(J19/J18,0) -> 0 | ... N20: =IFERROR(N19/N18,0) -> 0
B21: ='[2]2026年度男装数据汇总分析--俄罗斯'!B21 -> 0 | C21: ='[2]2026年度男装数据汇总分析--俄罗斯'!C21 -> 0 | D21: ='[2]2026年度男装数据汇总分析--俄罗斯'!D21 -> 0 | E21: ='[2]2026年度男装数据汇总分析--俄罗斯'!E21 -> 0 | F21: ='[2]2026年度男装数据汇总分析--俄罗斯'!F21 -> 0 | G21: ='[2]2026年度男装数据汇总分析--俄罗斯'!G21 -> 0 | H21: ='[2]2026年度男装数据汇总分析--俄罗斯'!H21 -> 0 | I21: ='[2]2026年度男装数据汇总分析--俄罗斯'!I21 -> 0 | ... O21: ='[2]2026年度男装数据汇总分析--俄罗斯'!O21 -> 0
B22: ='[2]2026年度男装数据汇总分析--俄罗斯'!B22 -> GSV目标 | C22: ='[2]2026年度男装数据汇总分析--俄罗斯'!C22 -> 3214561.3 | D22: ='[2]2026年度男装数据汇总分析--俄罗斯'!D22 -> 3514854.4 | E22: ='[2]2026年度男装数据汇总分析--俄罗斯'!E22 -> 3303936 | F22: ='[2]2026年度男装数据汇总分析--俄罗斯'!F22 -> 3560883.2 | G22: ='[2]2026年度男装数据汇总分析--俄罗斯'!G22 -> 4005120 | H22: ='[2]2026年度男装数据汇总分析--俄罗斯'!H22 -> 4473364.5 | I22: ='[2]2026年度男装数据汇总分析--俄罗斯'!I22 -> 5985251.8 | ... O22: ='[2]2026年度男装数据汇总分析--俄罗斯'!O22 -> 64543091
B23: ='[2]2026年度男装数据汇总分析--俄罗斯'!B23 -> GSV完成
B24: ='[2]2026年度男装数据汇总分析--俄罗斯'!B24 -> GSV完成进度 | C24: =IFERROR(C23/C22,0) -> 0 | D24: =IFERROR(D23/D22,0) -> 0 | E24: =IFERROR(E23/E22,0) -> 0 | F24: =IFERROR(F23/F22,0) -> 0 | G24: =IFERROR(G23/G22,0) -> 0 | H24: =IFERROR(H23/H22,0) -> 0 | I24: =IFERROR(I23/I22,0) -> 0 | J24: =IFERROR(J23/J22,0) -> 0 | ... N24: =IFERROR(N23/N22,0) -> 0
B25: 利润率 | C25: =IFERROR(C7/C23,0) -> 0 | D25: =IFERROR(D7/D23,0) -> 0 | E25: =IFERROR(E7/E23,0) -> 0 | F25: =IFERROR(F7/F23,0) -> 0 | G25: =IFERROR(G7/G23,0) -> 0 | H25: =IFERROR(H7/H23,0) -> 0 | I25: =IFERROR(I7/I23,0) -> 0 | J25: =IFERROR(J7/J23,0) -> 0 | ... N25: =IFERROR(N7/N23,0) -> 0
B26: 全年利润目标 | C26: =SUM(C6:N6) -> 8755270.4
B27: 全年实际利润 | C27: =SUM(C7:N7) -> 0
B28: 全年利润完成进度 | C28: =IFERROR(C27/C26,0) -> 0
B30: 全年GSV目标 | C30: =SUM(C22:N22) -> 64543091
B31: 全年实际GSV | C31: =SUM(C23:N23) -> 0
B32: 全年GSV完成进度 | C32: =IFERROR(C31/C30,0) -> 0
B34: 时间进度 | C34: 45.3%
B36: 全年利润率 | C36: =IFERROR(C27/C31,0) -> 0

Sheet 郑志远
A1: ='[2]2026年度男装数据汇总分析--俄罗斯'!A1 -> 2026年度WB男装进度
A2: ='[2]2026年度男装数据汇总分析--俄罗斯'!A2 -> 项目 | B2: ='[2]2026年度男装数据汇总分析--俄罗斯'!B2 -> 月度 | C2: ='[2]2026年度男装数据汇总分析--俄罗斯'!C2 -> 2月 | D2: ='[2]2026年度男装数据汇总分析--俄罗斯'!D2 -> 3月 | E2: ='[2]2026年度男装数据汇总分析--俄罗斯'!E2 -> 4月 | F2: ='[2]2026年度男装数据汇总分析--俄罗斯'!F2 -> 5月 | G2: ='[2]2026年度男装数据汇总分析--俄罗斯'!G2 -> 6月 | H2: ='[2]2026年度男装数据汇总分析--俄罗斯'!H2 -> 7月 | ... O2: ='[2]2026年度男装数据汇总分析--俄罗斯'!O2 -> 汇总
B3: ='[2]2026年度男装数据汇总分析--俄罗斯'!B3 -> 季度 | C3: ='[2]2026年度男装数据汇总分析--俄罗斯'!C3 -> Q1 | F3: ='[2]2026年度男装数据汇总分析--俄罗斯'!F3 -> Q2 | I3: ='[2]2026年度男装数据汇总分析--俄罗斯'!I3 -> Q3 | L3: ='[2]2026年度男装数据汇总分析--俄罗斯'!L3 -> Q4
B4: ='[2]2026年度男装数据汇总分析--俄罗斯'!B4 -> 季度财报 | C4: =(C7+D7+E7) -> 1544430.3 | F4: =(F7+G7+H7) -> 967435.92 | I4: =(I7+J7+K7) -> 0 | L4: =(L7+M7+N7) -> 0
B5: ='[2]2026年度男装数据汇总分析--俄罗斯'!B5 -> 季度财报进度 | C5: =(C7+D7+E7)/(C6+D6+E6) -> 1.4728798 | F5: =(F7+G7+H7)/(F6+G6+H6) -> 0.93120702 | I5: =(I7+J7+K7)/(I6+J6+K6) -> 0 | L5: =(L7+M7+N7)/(L6+M6+N6) -> 0
A6: ='[2]2026年度男装数据汇总分析--俄罗斯'!A6 -> 目标完成情况 | B6: ='[2]2026年度男装数据汇总分析--俄罗斯'!B6 -> 月度目标 利润（人民币） | C6: ='[2]2026目标拆解--郑志远'!B4 -> 329446.83 | D6: ='[2]2026目标拆解--郑志远'!C4 -> 370713.48 | E6: ='[2]2026目标拆解--郑志远'!D4 -> 348418.32 | F6: ='[2]2026目标拆解--郑志远'!E4 -> 325684.3 | G6: ='[2]2026目标拆解--郑志远'!F4 -> 340082.4 | H6: ='[2]2026目标拆解--郑志远'!G4 -> 373138.62 | I6: ='[2]2026目标拆解--郑志远'!H4 -> 530830.26 | J6: ='[2]2026目标拆解--郑志远'!I4 -> 611940 | ... N6: ='[2]2026目标拆解--郑志远'!M4 -> 468199.2 | O6: =SUM(C6:N6) -> 5690652.3
B7: ='[2]2026年度男装数据汇总分析--俄罗斯'!B7 -> 实际利润（人民币） | C7: 423883.91 | D7: 665543.4 | E7: 455003 | F7: 493282.35 | G7: 298329.53 | H7: 175824.04 | O7: =SUM(C7:N7) -> 2511866.2
B8: ='[2]2026年度男装数据汇总分析--俄罗斯'!B8 -> 目标完成进度 | C8: =IFERROR(C7/C6,0) -> 1.2866535 | D8: =IFERROR(D7/D6,0) -> 1.795304 | E8: =IFERROR(E7/E6,0) -> 1.3059101 | F8: =IFERROR(F7/F6,0) -> 1.5146028 | G8: =IFERROR(G7/G6,0) -> 0.8772272 | H8: =IFERROR(H7/H6,0) -> 0.47120301 | I8: =IFERROR(I7/I6,0) -> 0 | J8: =IFERROR(J7/J6,0) -> 0 | ... N8: =IFERROR(N7/N6,0) -> 0 | O8: =O7/O6 -> 0.44140216
B9: ='[2]2026年度男装数据汇总分析--俄罗斯'!B9 -> 0 | O9: ='[1]特别隐藏版（勿动、勿看）'!O9 -> 0
B10: ='[2]2026年度男装数据汇总分析--俄罗斯'!B10 -> 销量目标 | C10: ='[2]2026目标拆解--郑志远'!B5 -> 21252 | D10: ='[2]2026目标拆解--郑志远'!C5 -> 23560 | E10: ='[2]2026目标拆解--郑志远'!D5 -> 22500 | F10: ='[2]2026目标拆解--郑志远'!E5 -> 21700 | G10: ='[2]2026目标拆解--郑志远'!F5 -> 22500 | H10: ='[2]2026目标拆解--郑志远'!G5 -> 24707 | I10: ='[2]2026目标拆解--郑志远'!H5 -> 35123 | J10: ='[2]2026目标拆解--郑志远'!I5 -> 40500 | ... N10: ='[2]2026目标拆解--郑志远'!M5 -> 31000 | O10: =SUM(C10:N10) -> 374642
B11: ='[2]2026年度男装数据汇总分析--俄罗斯'!B11 -> 销量完成 | O11: =SUM(C11:N11) -> 0
B12: ='[2]2026年度男装数据汇总分析--俄罗斯'!B12 -> 销量完成进度 | C12: =IFERROR(C11/C10,0) -> 0 | D12: =IFERROR(D11/D10,0) -> 0 | E12: =IFERROR(E11/E10,0) -> 0 | F12: =IFERROR(F11/F10,0) -> 0 | G12: =IFERROR(G11/G10,0) -> 0 | H12: =IFERROR(H11/H10,0) -> 0 | I12: =IFERROR(I11/I10,0) -> 0 | J12: =IFERROR(J11/J10,0) -> 0 | ... N12: =IFERROR(N11/N10,0) -> 0 | O12: =O11/O10 -> 0
B13: ='[2]2026年度男装数据汇总分析--俄罗斯'!B13 -> 0 | O13: ='[1]特别隐藏版（勿动、勿看）'!O13 -> 0
B14: ='[2]2026年度男装数据汇总分析--俄罗斯'!B14 -> 实销目标 | C14: ='[2]2026目标拆解--郑志远'!B6 -> 6588.12 | D14: ='[2]2026目标拆解--郑志远'!C6 -> 7303.6 | E14: ='[2]2026目标拆解--郑志远'!D6 -> 6975 | F14: ='[2]2026目标拆解--郑志远'!E6 -> 6727 | G14: ='[2]2026目标拆解--郑志远'!F6 -> 6975 | H14: ='[2]2026目标拆解--郑志远'!G6 -> 7659.17 | I14: ='[2]2026目标拆解--郑志远'!H6 -> 10888.13 | J14: ='[2]2026目标拆解--郑志远'!I6 -> 12555 | ... N14: ='[2]2026目标拆解--郑志远'!M6 -> 9610 | O14: =SUM(C14:N14) -> 116139.02
B15: ='[2]2026年度男装数据汇总分析--俄罗斯'!B15 -> 实销完成 | C15: 6799 | D15: 9679 | E15: 8226 | F15: 8174 | G15: 5032 | H15: 2986 | O15: =SUM(C15:N15) -> 40896
B16: ='[2]2026年度男装数据汇总分析--俄罗斯'!B16 -> 实销完成进度 | C16: =IFERROR(C15/C14,0) -> 1.0320091 | D16: =IFERROR(D15/D14,0) -> 1.3252369 | E16: =IFERROR(E15/E14,0) -> 1.1793548 | F16: =IFERROR(F15/F14,0) -> 1.2151033 | G16: =IFERROR(G15/G14,0) -> 0.72143369 | H16: =IFERROR(H15/H14,0) -> 0.38985948 | I16: =IFERROR(I15/I14,0) -> 0 | J16: =IFERROR(J15/J14,0) -> 0 | ... N16: =IFERROR(N15/N14,0) -> 0 | O16: =O15/O14 -> 0.35212971
B17: ='[2]2026年度男装数据汇总分析--俄罗斯'!B17 -> 0 | O17: ='[1]特别隐藏版（勿动、勿看）'!O17 -> 0
B18: ='[2]2026年度男装数据汇总分析--俄罗斯'!B18 -> GMV目标 | C18: ='[2]2026目标拆解--郑志远'!B8 -> 92836800 | D18: ='[2]2026目标拆解--郑志远'!C8 -> 103044000 | E18: ='[2]2026目标拆解--郑志远'!D8 -> 98280000 | F18: ='[2]2026目标拆解--郑志远'!E8 -> 94550000 | G18: ='[2]2026目标拆解--郑志远'!F8 -> 97950000 | H18: ='[2]2026目标拆解--郑志远'!G8 -> 107470800 | I18: ='[2]2026目标拆解--郑志远'!H8 -> 152888900 | J18: ='[2]2026目标拆解--郑志远'!I8 -> 176250000 | ... N18: ='[2]2026目标拆解--郑志远'!M8 -> 134850000 | O18: =SUM(C18:N18) -> 1631910500
B19: ='[2]2026年度男装数据汇总分析--俄罗斯'!B19 -> GMV完成 | O19: =SUM(C19:N19) -> 0
B20: ='[2]2026年度男装数据汇总分析--俄罗斯'!B20 -> GMV完成进度 | C20: =IFERROR(C19/C18,0) -> 0 | D20: =IFERROR(D19/D18,0) -> 0 | E20: =IFERROR(E19/E18,0) -> 0 | F20: =IFERROR(F19/F18,0) -> 0 | G20: =IFERROR(G19/G18,0) -> 0 | H20: =IFERROR(H19/H18,0) -> 0 | I20: =IFERROR(I19/I18,0) -> 0 | J20: =IFERROR(J19/J18,0) -> 0 | ... N20: =IFERROR(N19/N18,0) -> 0 | O20: =O19/O18 -> 0
B21: ='[2]2026年度男装数据汇总分析--俄罗斯'!B21 -> 0 | O21: ='[1]特别隐藏版（勿动、勿看）'!O21 -> 0
B22: ='[2]2026年度男装数据汇总分析--俄罗斯'!B22 -> GSV目标 | O22: =SUM(C22:N22) -> 0
B23: ='[2]2026年度男装数据汇总分析--俄罗斯'!B23 -> GSV完成 | C23: 2467925.6 | D23: 3686027.8 | E23: 3072440 | F23: 3206396.2 | G23: 2109791.8 | H23: 1157835 | O23: =SUM(C23:N23) -> 15700416
B24: ='[2]2026年度男装数据汇总分析--俄罗斯'!B24 -> GSV完成进度 | C24: =IFERROR(C23/C22,0) -> 0 | D24: =IFERROR(D23/D22,0) -> 0 | E24: =IFERROR(E23/E22,0) -> 0 | F24: =IFERROR(F23/F22,0) -> 0 | G24: =IFERROR(G23/G22,0) -> 0 | H24: =IFERROR(H23/H22,0) -> 0 | I24: =IFERROR(I23/I22,0) -> 0 | J24: =IFERROR(J23/J22,0) -> 0 | ... N24: =IFERROR(N23/N22,0) -> 0 | O24: =O23/O22 -> #DIV/0!
B25: ='[2]2026年度男装数据汇总分析--俄罗斯'!B25 -> 0 | C25: ='[2]2026年度男装数据汇总分析--俄罗斯'!C25 -> 0 | D25: ='[2]2026年度男装数据汇总分析--俄罗斯'!D25 -> 0 | E25: ='[2]2026年度男装数据汇总分析--俄罗斯'!E25 -> 0 | F25: ='[2]2026年度男装数据汇总分析--俄罗斯'!F25 -> 0 | G25: ='[2]2026年度男装数据汇总分析--俄罗斯'!G25 -> 0 | H25: ='[2]2026年度男装数据汇总分析--俄罗斯'!H25 -> 0 | I25: ='[2]2026年度男装数据汇总分析--俄罗斯'!I25 -> 0 | ... N25: ='[2]2026年度男装数据汇总分析--俄罗斯'!N25 -> 0 | O25: ='[1]特别隐藏版（勿动、勿看）'!O25 -> 0
B26: ='[2]2026年度男装数据汇总分析--俄罗斯'!B26 -> 退款率
B27: ='[2]2026年度男装数据汇总分析--俄罗斯'!B27 -> 退货率
B28: ='[2]2026年度男装数据汇总分析--俄罗斯'!B28 -> 利润率
B29: ='[2]2026年度男装数据汇总分析--俄罗斯'!B29 -> 0 | C29: ='[2]2026年度男装数据汇总分析--俄罗斯'!C29 -> 0 | D29: ='[2]2026年度男装数据汇总分析--俄罗斯'!D29 -> 0 | E29: ='[2]2026年度男装数据汇总分析--俄罗斯'!E29 -> 0 | F29: ='[2]2026年度男装数据汇总分析--俄罗斯'!F29 -> 0 | G29: ='[2]2026年度男装数据汇总分析--俄罗斯'!G29 -> 0 | H29: ='[2]2026年度男装数据汇总分析--俄罗斯'!H29 -> 0 | I29: ='[2]2026年度男装数据汇总分析--俄罗斯'!I29 -> 0 | ... O29: ='[2]2026年度男装数据汇总分析--俄罗斯'!O29 -> 0
B30: 利润率 | C30: =IFERROR(C7/C23,0) -> 0.17175717 | D30: =IFERROR(D7/D23,0) -> 0.18055843 | E30: =IFERROR(E7/E23,0) -> 0.14809175 | F30: =IFERROR(F7/F23,0) -> 0.15384323 | G30: =IFERROR(G7/G23,0) -> 0.14140235 | H30: =IFERROR(H7/H23,0) -> 0.15185587 | I30: =IFERROR(I7/I23,0) -> 0 | J30: =IFERROR(J7/J23,0) -> 0 | ... N30: =IFERROR(N7/N23,0) -> 0
B31: 全年利润目标 | C31: =SUM(C6:N6) -> 5690652.3
B32: 全年实际利润 | C32: =SUM(C7:N7) -> 2511866.2
B33: 全年利润完成进度 | C33: =IFERROR(C32/C31,0) -> 0.44140216
B35: 全年GSV目标 | C35: =SUM(C22:N22) -> 0
B36: 全年实际GSV | C36: =SUM(C23:N23) -> 15700416
B37: 全年GSV完成进度 | C37: =IFERROR(C36/C35,0) -> 0
B39: 时间进度 | C39: 45.3%
B41: 全年利润率 | C41: =IFERROR(C32/C36,0) -> 0.15998724

Sheet 何欢洁
A1: ='[2]2026年度男装数据汇总分析--俄罗斯'!A1 -> 2026年度WB男装进度
A2: ='[2]2026年度男装数据汇总分析--俄罗斯'!A2 -> 项目 | B2: ='[2]2026年度男装数据汇总分析--俄罗斯'!B2 -> 月度 | C2: ='[2]2026年度男装数据汇总分析--俄罗斯'!C2 -> 2月 | D2: ='[2]2026年度男装数据汇总分析--俄罗斯'!D2 -> 3月 | E2: ='[2]2026年度男装数据汇总分析--俄罗斯'!E2 -> 4月 | F2: ='[2]2026年度男装数据汇总分析--俄罗斯'!F2 -> 5月 | G2: ='[2]2026年度男装数据汇总分析--俄罗斯'!G2 -> 6月 | H2: ='[2]2026年度男装数据汇总分析--俄罗斯'!H2 -> 7月 | ... O2: ='[2]2026年度男装数据汇总分析--俄罗斯'!O2 -> 汇总
B3: ='[2]2026年度男装数据汇总分析--俄罗斯'!B3 -> 季度 | C3: ='[2]2026年度男装数据汇总分析--俄罗斯'!C3 -> Q1 | F3: ='[2]2026年度男装数据汇总分析--俄罗斯'!F3 -> Q2 | I3: ='[2]2026年度男装数据汇总分析--俄罗斯'!I3 -> Q3 | L3: ='[2]2026年度男装数据汇总分析--俄罗斯'!L3 -> Q4
B4: ='[2]2026年度男装数据汇总分析--俄罗斯'!B4 -> 季度财报 | C4: =(C7+D7+E7) -> 217831.58 | F4: =(F7+G7+H7) -> 582648.69 | I4: =(I7+J7+K7) -> 0 | L4: =(L7+M7+N7) -> 0
B5: ='[2]2026年度男装数据汇总分析--俄罗斯'!B5 -> 季度财报进度 | C5: =(C7+D7+E7)/(C6+D6+E6) -> 0.65465928 | F5: =(F7+G7+H7)/(F6+G6+H6) -> 1.0132987 | I5: =(I7+J7+K7)/(I6+J6+K6) -> 0 | L5: =(L7+M7+N7)/(L6+M6+N6) -> 0
A6: ='[2]2026年度男装数据汇总分析--俄罗斯'!A6 -> 目标完成情况 | B6: ='[2]2026年度男装数据汇总分析--俄罗斯'!B6 -> 月度目标 利润（人民币） | C6: ='[2]2026目标拆解--何欢洁'!B4 -> 116176.26 | D6: ='[2]2026目标拆解--何欢洁'!C4 -> 115071.01 | E6: ='[2]2026目标拆解--何欢洁'!D4 -> 101493.12 | F6: ='[2]2026目标拆解--何欢洁'!E4 -> 138328.45 | G6: ='[2]2026目标拆解--何欢洁'!F4 -> 203112 | H6: ='[2]2026目标拆解--何欢洁'!G4 -> 233561.44 | I6: ='[2]2026目标拆解--何欢洁'!H4 -> 280919.52 | J6: ='[2]2026目标拆解--何欢洁'!I4 -> 360393.6 | ... N6: ='[2]2026目标拆解--何欢洁'!M4 -> 233561.44 | O6: =SUM(C6:N6) -> 3064618.1
B7: ='[2]2026年度男装数据汇总分析--俄罗斯'!B7 -> 实际利润（人民币） | C7: 22851.21 | D7: 93799.05 | E7: 101181.32 | F7: 182526.59 | G7: 257990.89 | H7: 142131.21 | O7: =SUM(C7:N7) -> 800480.27
B8: ='[2]2026年度男装数据汇总分析--俄罗斯'!B8 -> 目标完成进度 | C8: =IFERROR(C7/C6,0) -> 0.19669432 | D8: =IFERROR(D7/D6,0) -> 0.8151406 | E8: =IFERROR(E7/E6,0) -> 0.99692787 | F8: =IFERROR(F7/F6,0) -> 1.3195159 | G8: =IFERROR(G7/G6,0) -> 1.2701903 | H8: =IFERROR(H7/H6,0) -> 0.60853885 | I8: =IFERROR(I7/I6,0) -> 0 | J8: =IFERROR(J7/J6,0) -> 0 | ... N8: =IFERROR(N7/N6,0) -> 0 | O8: =O7/O6 -> 0.26120066
B9: ='[2]2026年度男装数据汇总分析--俄罗斯'!B9 -> 0 | O9: ='[1]特别隐藏版（勿动、勿看）'!O9 -> 0
B10: ='[2]2026年度男装数据汇总分析--俄罗斯'!B10 -> 销量目标 | C10: ='[2]2026目标拆解--何欢洁'!B5 -> 7840 | D10: ='[2]2026目标拆解--何欢洁'!C5 -> 8060 | E10: ='[2]2026目标拆解--何欢洁'!D5 -> 7200 | F10: ='[2]2026目标拆解--何欢洁'!E5 -> 10230 | G10: ='[2]2026目标拆解--何欢洁'!F5 -> 13500 | H10: ='[2]2026目标拆解--何欢洁'!G5 -> 15500 | I10: ='[2]2026目标拆解--何欢洁'!H5 -> 18600 | J10: ='[2]2026目标拆解--何欢洁'!I5 -> 24000 | ... N10: ='[2]2026目标拆解--何欢洁'!M5 -> 15500 | O10: =SUM(C10:N10) -> 206230
B11: ='[2]2026年度男装数据汇总分析--俄罗斯'!B11 -> 销量完成 | O11: =SUM(C11:N11) -> 0
B12: ='[2]2026年度男装数据汇总分析--俄罗斯'!B12 -> 销量完成进度 | C12: =IFERROR(C11/C10,0) -> 0 | D12: =IFERROR(D11/D10,0) -> 0 | E12: =IFERROR(E11/E10,0) -> 0 | F12: =IFERROR(F11/F10,0) -> 0 | G12: =IFERROR(G11/G10,0) -> 0 | H12: =IFERROR(H11/H10,0) -> 0 | I12: =IFERROR(I11/I10,0) -> 0 | J12: =IFERROR(J11/J10,0) -> 0 | ... N12: =IFERROR(N11/N10,0) -> 0 | O12: =O11/O10 -> 0
B13: ='[2]2026年度男装数据汇总分析--俄罗斯'!B13 -> 0 | C13: ='[2]2026年度男装数据汇总分析--俄罗斯'!C13 -> 0 | D13: ='[2]2026年度男装数据汇总分析--俄罗斯'!D13 -> 0 | E13: ='[2]2026年度男装数据汇总分析--俄罗斯'!E13 -> 0 | F13: ='[2]2026年度男装数据汇总分析--俄罗斯'!F13 -> 0 | G13: ='[2]2026年度男装数据汇总分析--俄罗斯'!G13 -> 0 | H13: ='[2]2026年度男装数据汇总分析--俄罗斯'!H13 -> 0 | I13: ='[2]2026年度男装数据汇总分析--俄罗斯'!I13 -> 0 | ... N13: ='[2]2026年度男装数据汇总分析--俄罗斯'!N13 -> 0 | O13: ='[1]特别隐藏版（勿动、勿看）'!O13 -> 0
B14: ='[2]2026年度男装数据汇总分析--俄罗斯'!B14 -> 实销目标 | C14: ='[2]2026目标拆解--何欢洁'!B6 -> 2430.4 | D14: ='[2]2026目标拆解--何欢洁'!C6 -> 2498.6 | E14: ='[2]2026目标拆解--何欢洁'!D6 -> 2232 | F14: ='[2]2026目标拆解--何欢洁'!E6 -> 3171.3 | G14: ='[2]2026目标拆解--何欢洁'!F6 -> 4185 | H14: ='[2]2026目标拆解--何欢洁'!G6 -> 4805 | I14: ='[2]2026目标拆解--何欢洁'!H6 -> 5766 | J14: ='[2]2026目标拆解--何欢洁'!I6 -> 7440 | ... N14: ='[2]2026目标拆解--何欢洁'!M6 -> 4805 | O14: =SUM(C14:N14) -> 63931.3
B15: ='[2]2026年度男装数据汇总分析--俄罗斯'!B15 -> 实销完成 | C15: 2531 | D15: 3575 | E15: 2852 | F15: 3038 | G15: 3530 | H15: 2077 | O15: =SUM(C15:N15) -> 17603
B16: ='[2]2026年度男装数据汇总分析--俄罗斯'!B16 -> 实销完成进度 | C16: =IFERROR(C15/C14,0) -> 1.0413924 | D16: =IFERROR(D15/D14,0) -> 1.4308012 | E16: =IFERROR(E15/E14,0) -> 1.2777778 | F16: =IFERROR(F15/F14,0) -> 0.95796676 | G16: =IFERROR(G15/G14,0) -> 0.84348865 | H16: =IFERROR(H15/H14,0) -> 0.43225806 | I16: =IFERROR(I15/I14,0) -> 0 | J16: =IFERROR(J15/J14,0) -> 0 | ... N16: =IFERROR(N15/N14,0) -> 0 | O16: =O15/O14 -> 0.27534244
O17: ='[1]特别隐藏版（勿动、勿看）'!O17 -> 0
B18: ='[2]2026年度男装数据汇总分析--俄罗斯'!B18 -> GMV目标 | C18: ='[2]2026目标拆解--何欢洁'!B8 -> 32732000 | D18: ='[2]2026目标拆解--何欢洁'!C8 -> 34255000 | E18: ='[2]2026目标拆解--何欢洁'!D8 -> 30780000 | F18: ='[2]2026目标拆解--何欢洁'!E8 -> 44547000 | G18: ='[2]2026目标拆解--何欢洁'!F8 -> 58500000 | H18: ='[2]2026目标拆解--何欢洁'!G8 -> 67270000 | I18: ='[2]2026目标拆解--何欢洁'!H8 -> 80910000 | J18: ='[2]2026目标拆解--何欢洁'!I8 -> 103800000 | ... N18: ='[2]2026目标拆解--何欢洁'!M8 -> 67270000 | O18: =SUM(C18:N18) -> 889304000
B19: ='[2]2026年度男装数据汇总分析--俄罗斯'!B19 -> GMV完成 | O19: =SUM(C19:N19) -> 0
B20: ='[2]2026年度男装数据汇总分析--俄罗斯'!B20 -> GMV完成进度 | C20: =IFERROR(C19/C18,0) -> 0 | D20: =IFERROR(D19/D18,0) -> 0 | E20: =IFERROR(E19/E18,0) -> 0 | F20: =IFERROR(F19/F18,0) -> 0 | G20: =IFERROR(G19/G18,0) -> 0 | H20: =IFERROR(H19/H18,0) -> 0 | I20: =IFERROR(I19/I18,0) -> 0 | J20: =IFERROR(J19/J18,0) -> 0 | ... N20: =IFERROR(N19/N18,0) -> 0 | O20: =O19/O18 -> 0
O21: ='[1]特别隐藏版（勿动、勿看）'!O21 -> 0
B22: ='[2]2026年度男装数据汇总分析--俄罗斯'!B22 -> GSV目标 | O22: =SUM(C22:N22) -> 0
B23: ='[2]2026年度男装数据汇总分析--俄罗斯'!B23 -> GSV完成 | C23: 808046.31 | D23: 1277649.3 | E23: 1040679.7 | F23: 1171647.6 | G23: 1393579.7 | H23: 773147.28 | O23: =SUM(C23:N23) -> 6464749.9
B24: ='[2]2026年度男装数据汇总分析--俄罗斯'!B24 -> GSV完成进度 | C24: =IFERROR(C23/C22,0) -> 0 | D24: =IFERROR(D23/D22,0) -> 0 | E24: =IFERROR(E23/E22,0) -> 0 | F24: =IFERROR(F23/F22,0) -> 0 | G24: =IFERROR(G23/G22,0) -> 0 | H24: =IFERROR(H23/H22,0) -> 0 | I24: =IFERROR(I23/I22,0) -> 0 | J24: =IFERROR(J23/J22,0) -> 0 | ... N24: =IFERROR(N23/N22,0) -> 0 | O24: =O23/O22 -> #DIV/0!
B25: ='[2]2026年度男装数据汇总分析--俄罗斯'!B25 -> 0 | C25: ='[2]2026年度男装数据汇总分析--俄罗斯'!C25 -> 0 | D25: ='[2]2026年度男装数据汇总分析--俄罗斯'!D25 -> 0 | E25: ='[2]2026年度男装数据汇总分析--俄罗斯'!E25 -> 0 | F25: ='[2]2026年度男装数据汇总分析--俄罗斯'!F25 -> 0 | G25: ='[2]2026年度男装数据汇总分析--俄罗斯'!G25 -> 0 | H25: ='[2]2026年度男装数据汇总分析--俄罗斯'!H25 -> 0 | I25: ='[2]2026年度男装数据汇总分析--俄罗斯'!I25 -> 0 | ... N25: ='[2]2026年度男装数据汇总分析--俄罗斯'!N25 -> 0 | O25: ='[1]特别隐藏版（勿动、勿看）'!O25 -> 0
B26: ='[2]2026年度男装数据汇总分析--俄罗斯'!B26 -> 退款率
B27: ='[2]2026年度男装数据汇总分析--俄罗斯'!B27 -> 退货率
B28: ='[2]2026年度男装数据汇总分析--俄罗斯'!B28 -> 利润率
B29: ='[2]2026年度男装数据汇总分析--俄罗斯'!B29 -> 0 | C29: ='[2]2026年度男装数据汇总分析--俄罗斯'!C29 -> 0 | D29: ='[2]2026年度男装数据汇总分析--俄罗斯'!D29 -> 0 | E29: ='[2]2026年度男装数据汇总分析--俄罗斯'!E29 -> 0 | F29: ='[2]2026年度男装数据汇总分析--俄罗斯'!F29 -> 0 | G29: ='[2]2026年度男装数据汇总分析--俄罗斯'!G29 -> 0 | H29: ='[2]2026年度男装数据汇总分析--俄罗斯'!H29 -> 0 | I29: ='[2]2026年度男装数据汇总分析--俄罗斯'!I29 -> 0 | ... O29: ='[2]2026年度男装数据汇总分析--俄罗斯'!O29 -> 0
B30: 利润率 | C30: =IFERROR(C7/C23,0) -> 0.02827958 | D30: =IFERROR(D7/D23,0) -> 0.073415336 | E30: =IFERROR(E7/E23,0) -> 0.097226185 | F30: =IFERROR(F7/F23,0) -> 0.15578625 | G30: =IFERROR(G7/G23,0) -> 0.18512819 | H30: =IFERROR(H7/H23,0) -> 0.18383459 | I30: =IFERROR(I7/I23,0) -> 0 | J30: =IFERROR(J7/J23,0) -> 0 | ... N30: =IFERROR(N7/N23,0) -> 0
B31: 全年利润目标 | C31: =SUM(C6:N6) -> 3064618.1
B32: 全年实际利润 | C32: =SUM(C7:N7) -> 800480.27
B33: 全年利润完成进度 | C33: =IFERROR(C32/C31,0) -> 0.26120066
B35: 全年GSV目标 | C35: =SUM(C22:N22) -> 0
B36: 全年实际GSV | C36: =SUM(C23:N23) -> 6464749.9
B37: 全年GSV完成进度 | C37: =IFERROR(C36/C35,0) -> 0
B39: 时间进度 | C39: 45.3%
B41: 全年利润率 | C41: =IFERROR(C32/C36,0) -> 0.12382231

Sheet 陈欣诺
A1: 2026年度WB进度
A2: 项目 | B2: 月度 | C2: 2月 | D2: 3月 | E2: 4月 | F2: 5月 | G2: 6月 | H2: 7月 | I2: 8月 | J2: 9月 | K2: 10月 | L2: 11月 | M2: 12月 | N2: 1月 | O2: 汇总
B3: 季度 | C3: Q1 | F3: Q2 | I3: Q3 | L3: Q4
B4: 季度财报 | C4: =(C7+D7+E7) -> 980815.72 | F4: =(F7+G7+H7) -> 956446.81 | I4: =(I7+J7+K7) -> 0 | L4: =(L7+M7+N7) -> 0
B5: 季度财报进度 | C5: =(C7+D7+E7)/(C6+D6+E6) -> 1.0990726 | F5: =(F7+G7+H7)/(F6+G6+H6) -> 1.0773301 | I5: =(I7+J7+K7)/(I6+J6+K6) -> 0 | L5: =(L7+M7+N7)/(L6+M6+N6) -> 0
A6: 目标完成情况 | B6: 月度目标 利润（人民币） | C6: =[3]总目标!B31 -> 249399.55 | D6: =[3]总目标!C31 -> 359988.36 | E6: =[3]总目标!D31 -> 283015.08 | F6: =[3]总目标!E31 -> 292149.34 | G6: =[3]总目标!F31 -> 251744.8 | H6: =[3]总目标!G31 -> 343899.52 | I6: =[3]总目标!H31 -> 432694.44 | J6: =[3]总目标!I31 -> 416424.59 | ... N6: =[3]总目标!M31 -> 262747.87 | O6: =SUM(C6:N6) -> 4072743.3
B7: 实际利润（人民币） | C7: 198675.03 | D7: 502592.19 | E7: 279548.5 | F7: 413363.72 | G7: 368664.37 | H7: 174418.72 | O7: =SUM(C7:N7) -> 1937262.5
B8: 目标完成进度 | C8: =IFERROR(C7/C6,0) -> 0.79661341 | D8: =IFERROR(D7/D6,0) -> 1.3961345 | E8: =IFERROR(E7/E6,0) -> 0.98775125 | F8: =IFERROR(F7/F6,0) -> 1.4149056 | G8: =IFERROR(G7/G6,0) -> 1.4644369 | H8: =IFERROR(H7/H6,0) -> 0.50717931 | I8: =IFERROR(I7/I6,0) -> 0 | J8: =IFERROR(J7/J6,0) -> 0 | ... N8: =IFERROR(N7/N6,0) -> 0 | O8: =O7/O6 -> 0.47566526
B10: 销量目标 | C10: =[3]陈欣诺!B7 -> 13608 | D10: =[3]陈欣诺!C7 -> 18135 | E10: =[3]陈欣诺!D7 -> 17250 | F10: =[3]陈欣诺!E7 -> 18600 | G10: =[3]陈欣诺!F7 -> 16950 | H10: =[3]陈欣诺!G7 -> 26815 | I10: =[3]陈欣诺!H7 -> 30225 | J10: =[3]陈欣诺!I7 -> 26850 | ... N10: =[3]陈欣诺!M7 -> 19933 | O10: =SUM(C10:N10) -> 267331
B11: 销量完成
B12: 销量完成进度 | C12: =IFERROR(C11/C10,0) -> 0 | D12: =IFERROR(D11/D10,0) -> 0 | E12: =IFERROR(E11/E10,0) -> 0 | F12: =IFERROR(F11/F10,0) -> 0 | G12: =IFERROR(G11/G10,0) -> 0 | H12: =IFERROR(H11/H10,0) -> 0 | I12: =IFERROR(I11/I10,0) -> 0 | J12: =IFERROR(J11/J10,0) -> 0 | ... N12: =IFERROR(N11/N10,0) -> 0
B14: 实销目标 | C14: =[3]陈欣诺!B8 -> 4403.84 | D14: =[3]陈欣诺!C8 -> 5894.65 | E14: =[3]陈欣诺!D8 -> 5599.5 | F14: =[3]陈欣诺!E8 -> 6023.3 | G14: =[3]陈欣诺!F8 -> 5494.5 | H14: =[3]陈欣诺!G8 -> 7884.85 | I14: =[3]陈欣诺!H8 -> 8734.25 | J14: =[3]陈欣诺!I8 -> 7710 | ... N14: =[3]陈欣诺!M8 -> 5719.5 | O14: =SUM(C14:N14) -> 80239.99
B15: 实销完成 | C15: 4594 | D15: 8499 | E15: 6477 | F15: 8136 | G15: 5819 | H15: 3026
B16: 实销完成进度 | C16: =IFERROR(C15/C14,0) -> 1.0431805 | D16: =IFERROR(D15/D14,0) -> 1.4418159 | E16: =IFERROR(E15/E14,0) -> 1.1567104 | F16: =IFERROR(F15/F14,0) -> 1.3507546 | G16: =IFERROR(G15/G14,0) -> 1.0590591 | H16: =IFERROR(H15/H14,0) -> 0.38377395 | I16: =IFERROR(I15/I14,0) -> 0 | J16: =IFERROR(J15/J14,0) -> 0 | ... N16: =IFERROR(N15/N14,0) -> 0
B18: GMV目标 | C18: =[3]陈欣诺!B4 -> 56082794 | D18: =[3]陈欣诺!C4 -> 74982800 | E18: =[3]陈欣诺!D4 -> 71130000 | F18: =[3]陈欣诺!E4 -> 76384000 | G18: =[3]陈欣诺!F4 -> 69642000 | H18: =[3]陈欣诺!G4 -> 114554300 | I18: =[3]陈欣诺!H4 -> 129936500 | J18: =[3]陈欣诺!I4 -> 116677500 | ... N18: =[3]陈欣诺!M4 -> 86663600 | O18: =SUM(C18:N18) -> 1138800244
B19: GMV完成
B20: GMV完成进度 | C20: =IFERROR(C19/C18,0) -> 0 | D20: =IFERROR(D19/D18,0) -> 0 | E20: =IFERROR(E19/E18,0) -> 0 | F20: =IFERROR(F19/F18,0) -> 0 | G20: =IFERROR(G19/G18,0) -> 0 | H20: =IFERROR(H19/H18,0) -> 0 | I20: =IFERROR(I19/I18,0) -> 0 | J20: =IFERROR(J19/J18,0) -> 0 | ... N20: =IFERROR(N19/N18,0) -> 0
B22: GSV目标 | C22: =[3]陈欣诺!B5/12.5 -> 1448886.7 | D22: =[3]陈欣诺!C5/12.5 -> 1951234.2 | E22: =[3]陈欣诺!D5/12.5 -> 1848696 | F22: =[3]陈欣诺!E5/12.5 -> 1980776 | G22: =[3]陈欣诺!F5/12.5 -> 1807761.6 | H22: =[3]陈欣诺!G5/12.5 -> 2668375.8 | I22: =[3]陈欣诺!H5/12.5 -> 2970469.6 | J22: =[3]陈欣诺!I5/12.5 -> 2650272 | ... N22: =[3]陈欣诺!M5/12.5 -> 1966937.6 | O22: =SUM(C22:N22) -> 27115195
B23: GSV完成 | C23: 1601766.9 | D23: 3104450.1 | E23: 2319699.8 | F23: 3021676 | G23: 2263843 | H23: 1085626.1
B24: GSV完成进度 | C24: =IFERROR(C23/C22,0) -> 1.1055157 | D24: =IFERROR(D23/D22,0) -> 1.5910187 | E24: =IFERROR(E23/E22,0) -> 1.2547762 | F24: =IFERROR(F23/F22,0) -> 1.5255011 | G24: =IFERROR(G23/G22,0) -> 1.2522907 | H24: =IFERROR(H23/H22,0) -> 0.40684901 | I24: =IFERROR(I23/I22,0) -> 0 | J24: =IFERROR(J23/J22,0) -> 0 | ... N24: =IFERROR(N23/N22,0) -> 0
B26: 退款率
B27: 退货率
B28: 利润率 | C28: =IFERROR(C7/C23,0) -> 0.12403492 | D28: =IFERROR(D7/D23,0) -> 0.16189411 | E28: =IFERROR(E7/E23,0) -> 0.12051064 | F28: =IFERROR(F7/F23,0) -> 0.13679949 | G28: =IFERROR(G7/G23,0) -> 0.16284891 | H28: =IFERROR(H7/H23,0) -> 0.16066188 | I28: =IFERROR(I7/I23,0) -> 0 | J28: =IFERROR(J7/J23,0) -> 0 | ... N28: =IFERROR(N7/N23,0) -> 0
B29: 全年利润目标 | C29: =SUM(C6:N6) -> 4072743.3
B30: 全年实际利润 | C30: =SUM(C7:N7) -> 1937262.5
B31: 全年利润完成进度 | C31: =IFERROR(C30/C29,0) -> 0.47566526
B33: 全年GSV目标 | C33: =SUM(C22:N22) -> 27115195
B34: 全年实际GSV | C34: =SUM(C23:N23) -> 13397062
B35: 全年GSV完成进度 | C35: =IFERROR(C34/C33,0) -> 0.4940795
B37: 时间进度 | C37: 45.3%
B39: 全年利润率 | C39: =IFERROR(C30/C34,0) -> 0.14460354

Sheet 林梓蕾
A1: 2026年度WB进度
A2: 项目 | B2: 月度 | C2: 2月 | D2: 3月 | E2: 4月 | F2: 5月 | G2: 6月 | H2: 7月 | I2: 8月 | J2: 9月 | K2: 10月 | L2: 11月 | M2: 12月 | N2: 1月 | O2: 汇总
B3: 季度 | C3: Q1 | F3: Q2 | I3: Q3 | L3: Q4
B4: 季度财报 | C4: =(C7+D7+E7) -> 1407331.5 | F4: =(F7+G7+H7) -> 1517343.2 | I4: =(I7+J7+K7) -> 0 | L4: =(L7+M7+N7) -> 0
B5: 季度财报进度 | C5: =(C7+D7+E7)/(C6+D6+E6) -> 1.0309829 | F5: =(F7+G7+H7)/(F6+G6+H6) -> 1.220664 | I5: =(I7+J7+K7)/(I6+J6+K6) -> 0 | L5: =(L7+M7+N7)/(L6+M6+N6) -> 0
A6: 目标完成情况 | B6: 月度目标 利润（人民币） | C6: =[3]总目标!B44 -> 372843 | D6: =[3]总目标!C44 -> 566214.49 | E6: =[3]总目标!D44 -> 425981.19 | F6: =[3]总目标!E44 -> 428093.17 | G6: =[3]总目标!F44 -> 438328.65 | H6: =[3]总目标!G44 -> 376625.61 | I6: =[3]总目标!H44 -> 516638.6 | J6: =[3]总目标!I44 -> 499972.84 | ... N6: =[3]总目标!M44 -> 318392.87 | O6: =SUM(C6:N6) -> 5397380.4
B7: 实际利润（人民币） | C7: 267531.84 | D7: 703000.73 | E7: 436798.92 | F7: 538020.94 | G7: 623987.26 | H7: 355335.01 | O7: =SUM(C7:N7) -> 2924674.7
B8: 目标完成进度 | C8: =IFERROR(C7/C6,0) -> 0.71754556 | D8: =IFERROR(D7/D6,0) -> 1.2415802 | E8: =IFERROR(E7/E6,0) -> 1.0253949 | F8: =IFERROR(F7/F6,0) -> 1.2567847 | G8: =IFERROR(G7/G6,0) -> 1.4235603 | H8: =IFERROR(H7/H6,0) -> 0.94347013 | I8: =IFERROR(I7/I6,0) -> 0 | J8: =IFERROR(J7/J6,0) -> 0 | ... N8: =IFERROR(N7/N6,0) -> 0 | O8: =O7/O6 -> 0.54186929
B10: 销量目标 | C10: =[3]林梓蕾!B7 -> 17722.762 | D10: =[3]林梓蕾!C7 -> 22630 | E10: =[3]林梓蕾!D7 -> 22800 | F10: =[3]林梓蕾!E7 -> 23250 | G10: =[3]林梓蕾!F7 -> 24300 | H10: =[3]林梓蕾!G7 -> 22630 | I10: =[3]林梓蕾!H7 -> 28365 | J10: =[3]林梓蕾!I7 -> 27450 | ... N10: =[3]林梓蕾!M7 -> 20150 | O10: =SUM(C10:N10) -> 292097.76
B11: 销量完成
B12: 销量完成进度 | C12: =IFERROR(C11/C10,0) -> 0 | D12: =IFERROR(D11/D10,0) -> 0 | E12: =IFERROR(E11/E10,0) -> 0 | F12: =IFERROR(F11/F10,0) -> 0 | G12: =IFERROR(G11/G10,0) -> 0 | H12: =IFERROR(H11/H10,0) -> 0 | I12: =IFERROR(I11/I10,0) -> 0 | J12: =IFERROR(J11/J10,0) -> 0 | ... N12: =IFERROR(N11/N10,0) -> 0
B14: 实销目标 | C14: =[3]林梓蕾!B8 -> 5752.7763 | D14: =[3]林梓蕾!C8 -> 7074.2 | E14: =[3]林梓蕾!D8 -> 7122 | F14: =[3]林梓蕾!E8 -> 7263.3 | G14: =[3]林梓蕾!F8 -> 7599 | H14: =[3]林梓蕾!G8 -> 7077.3 | I14: =[3]林梓蕾!H8 -> 8873.75 | J14: =[3]林梓蕾!I8 -> 8587.5 | ... N14: =[3]林梓蕾!M8 -> 6299.2 | O14: =SUM(C14:N14) -> 91547.026
B15: 实销完成 | C15: 5138 | D15: 8271 | E15: 6143 | F15: 7909 | G15: 7332 | H15: 4522
B16: 实销完成进度 | C16: =IFERROR(C15/C14,0) -> 0.89313398 | D16: =IFERROR(D15/D14,0) -> 1.1691781 | E16: =IFERROR(E15/E14,0) -> 0.86253861 | F16: =IFERROR(F15/F14,0) -> 1.088899 | G16: =IFERROR(G15/G14,0) -> 0.9648638 | H16: =IFERROR(H15/H14,0) -> 0.63894423 | I16: =IFERROR(I15/I14,0) -> 0 | J16: =IFERROR(J15/J14,0) -> 0 | ... N16: =IFERROR(N15/N14,0) -> 0
B18: GMV目标 | C18: =[3]林梓蕾!B4 -> 66868745 | D18: =[3]林梓蕾!C4 -> 95061500 | E18: =[3]林梓蕾!D4 -> 95460000 | F18: =[3]林梓蕾!E4 -> 97355500 | G18: =[3]林梓蕾!F4 -> 101805000 | H18: =[3]林梓蕾!G4 -> 94906500 | I18: =[3]林梓蕾!H4 -> 118861750 | J18: =[3]林梓蕾!I4 -> 115027500 | ... N18: =[3]林梓蕾!M4 -> 84428500 | O18: =SUM(C18:N18) -> 1216614995
B19: GMV完成
B20: GMV完成进度 | C20: =IFERROR(C19/C18,0) -> 0 | D20: =IFERROR(D19/D18,0) -> 0 | E20: =IFERROR(E19/E18,0) -> 0 | F20: =IFERROR(F19/F18,0) -> 0 | G20: =IFERROR(G19/G18,0) -> 0 | H20: =IFERROR(H19/H18,0) -> 0 | I20: =IFERROR(I19/I18,0) -> 0 | J20: =IFERROR(J19/J18,0) -> 0 | ... N20: =IFERROR(N19/N18,0) -> 0
B22: GSV目标 | C22: =[3]林梓蕾!B5/12.5 -> 1739255.4 | D22: =[3]林梓蕾!C5/12.5 -> 2378022.4 | E22: =[3]林梓蕾!D5/12.5 -> 2386200 | F22: =[3]林梓蕾!E5/12.5 -> 2433834.8 | G22: =[3]林梓蕾!F5/12.5 -> 2547732 | H22: =[3]林梓蕾!G5/12.5 -> 2375257.2 | I22: =[3]林梓蕾!H5/12.5 -> 2975820.2 | J22: =[3]林梓蕾!I5/12.5 -> 2879826 | ... N22: =[3]林梓蕾!M5/12.5 -> 2112166.4 | O22: =SUM(C22:N22) -> 30509786
B23: GSV完成 | C23: 1656651.8 | D23: 2992837.9 | E23: 2223645.3 | F23: 3037284 | G23: 2987711.8 | H23: 1699079.7
B24: GSV完成进度 | C24: =IFERROR(C23/C22,0) -> 0.95250634 | D24: =IFERROR(D23/D22,0) -> 1.2585407 | E24: =IFERROR(E23/E22,0) -> 0.93187717 | F24: =IFERROR(F23/F22,0) -> 1.2479417 | G24: =IFERROR(G23/G22,0) -> 1.1726947 | H24: =IFERROR(H23/H22,0) -> 0.71532451 | I24: =IFERROR(I23/I22,0) -> 0 | J24: =IFERROR(J23/J22,0) -> 0 | ... N24: =IFERROR(N23/N22,0) -> 0
B26: 退款率
B27: 退货率
B28: 利润率 | C28: =IFERROR(C7/C23,0) -> 0.16148948 | D28: =IFERROR(D7/D23,0) -> 0.23489436 | E28: =IFERROR(E7/E23,0) -> 0.19643372 | F28: =IFERROR(F7/F23,0) -> 0.17713883 | G28: =IFERROR(G7/G23,0) -> 0.20885122 | H28: =IFERROR(H7/H23,0) -> 0.20913381 | I28: =IFERROR(I7/I23,0) -> 0 | J28: =IFERROR(J7/J23,0) -> 0 | ... N28: =IFERROR(N7/N23,0) -> 0
B29: 全年利润目标 | C29: =SUM(C6:N6) -> 5397380.4
B30: 全年实际利润 | C30: =SUM(C7:N7) -> 2924674.7
B31: 全年利润完成进度 | C31: =IFERROR(C30/C29,0) -> 0.54186929
B33: 全年GSV目标 | C33: =SUM(C22:N22) -> 30509786
B34: 全年实际GSV | C34: =SUM(C23:N23) -> 14597210
B35: 全年GSV完成进度 | C35: =IFERROR(C34/C33,0) -> 0.47844355
B37: 时间进度 | C37: 45.3%
B39: 全年利润率 | C39: =IFERROR(C30/C34,0) -> 0.20035847

Sheet 包家豪
A1: 2026年度WB进度
A2: 项目 | B2: 月度 | C2: 2月 | D2: 3月 | E2: 4月 | F2: 5月 | G2: 6月 | H2: 7月 | I2: 8月 | J2: 9月 | K2: 10月 | L2: 11月 | M2: 12月 | N2: 1月 | O2: 汇总
B3: 季度 | C3: Q1 | F3: Q2 | I3: Q3 | L3: Q4
B4: 季度财报 | C4: =(C7+D7+E7) -> 34815.39 | F4: =(F7+G7+H7) -> 109006.91 | I4: =(I7+J7+K7) -> 0 | L4: =(L7+M7+N7) -> 0
B5: 季度财报进度 | C5: =(C7+D7+E7)/(C6+D6+E6) -> 0.13640943 | F5: =(F7+G7+H7)/(F6+G6+H6) -> 0.2214492 | I5: =(I7+J7+K7)/(I6+J6+K6) -> 0 | L5: =(L7+M7+N7)/(L6+M6+N6) -> 0
A6: 目标完成情况 | B6: 月度目标 利润（人民币） | C6: =[3]总目标!B70 -> 34481 | D6: =[3]总目标!C70 -> 86791.297 | E6: =[3]总目标!D70 -> 133954.86 | F6: =[3]总目标!E70 -> 141243.46 | G6: =[3]总目标!F70 -> 195306.82 | H6: =[3]总目标!G70 -> 155693.13 | I6: =[3]总目标!H70 -> 213216.28 | J6: =[3]总目标!I70 -> 206338.34 | ... N6: =[3]总目标!M70 -> 98770.51 | O6: =SUM(C6:N6) -> 1844131.2
B7: 实际利润（人民币） | C7: 13090.83 | D7: 32141.5 | E7: -10416.94 | F7: 35782.44 | G7: 37364.36 | H7: 35860.11 | O7: =SUM(C7:N7) -> 143822.3
B8: 目标完成进度 | C8: =IFERROR(C7/C6,0) -> 0.37965343 | D8: =IFERROR(D7/D6,0) -> 0.37033091 | E8: =IFERROR(E7/E6,0) -> -0.077764556 | F8: =IFERROR(F7/F6,0) -> 0.25333873 | G8: =IFERROR(G7/G6,0) -> 0.19131108 | H8: =IFERROR(H7/H6,0) -> 0.23032558 | I8: =IFERROR(I7/I6,0) -> 0 | J8: =IFERROR(J7/J6,0) -> 0 | ... N8: =IFERROR(N7/N6,0) -> 0 | O8: =O7/O6 -> 0.077989191
B10: 销量目标 | C10: =[3]包家豪!B7 -> 12430 | D10: =[3]包家豪!C7 -> 8990 | E10: =[3]包家豪!D7 -> 8400 | F10: =[3]包家豪!E7 -> 8680 | G10: =[3]包家豪!F7 -> 12060 | H10: =[3]包家豪!G7 -> 10323 | I10: =[3]包家豪!H7 -> 12958 | J10: =[3]包家豪!I7 -> 12540 | ... N10: =[3]包家豪!M7 -> 6696 | O10: =SUM(C10:N10) -> 128897
B11: 销量完成 | C11: 12426 | D11: 14767 | E11: 8963 | F11: 9817 | G11: 6783 | H11: 3389
B12: 销量完成进度 | C12: =IFERROR(C11/C10,0) -> 0.9996782 | D12: =IFERROR(D11/D10,0) -> 1.6426029 | E12: =IFERROR(E11/E10,0) -> 1.0670238 | F12: =IFERROR(F11/F10,0) -> 1.1309908 | G12: =IFERROR(G11/G10,0) -> 0.56243781 | H12: =IFERROR(H11/H10,0) -> 0.32829604 | I12: =IFERROR(I11/I10,0) -> 0 | J12: =IFERROR(J11/J10,0) -> 0 | ... N12: =IFERROR(N11/N10,0) -> 0
B14: 实销目标 | C14: =[3]包家豪!B8 -> 3858 | D14: =[3]包家豪!C8 -> 2869.05 | E14: =[3]包家豪!D8 -> 2679 | F14: =[3]包家豪!E8 -> 2768.3 | G14: =[3]包家豪!F8 -> 3850.5 | H14: =[3]包家豪!G8 -> 3292.045 | I14: =[3]包家豪!H8 -> 4135.4 | J14: =[3]包家豪!I8 -> 4002 | ... N14: =[3]包家豪!M8 -> 2135.9 | O14: =SUM(C14:N14) -> 41020.095
B15: 实销完成 | C15: 3749 | D15: 4411 | E15: 2822 | F15: 2816 | G15: 1899 | H15: 993
B16: 实销完成进度 | C16: =IFERROR(C15/C14,0) -> 0.97174702 | D16: =IFERROR(D15/D14,0) -> 1.5374427 | E16: =IFERROR(E15/E14,0) -> 1.0533781 | F16: =IFERROR(F15/F14,0) -> 1.0172308 | G16: =IFERROR(G15/G14,0) -> 0.4931827 | H16: =IFERROR(H15/H14,0) -> 0.30163622 | I16: =IFERROR(I15/I14,0) -> 0 | J16: =IFERROR(J15/J14,0) -> 0 | ... N16: =IFERROR(N15/N14,0) -> 0
B18: GMV目标 | C18: =[3]包家豪!B4 -> 42401820 | D18: =[3]包家豪!C4 -> 37308500 | E18: =[3]包家豪!D4 -> 34860000 | F18: =[3]包家豪!E4 -> 36022000 | G18: =[3]包家豪!F4 -> 50049000 | H18: =[3]包家豪!G4 -> 42840450 | I18: =[3]包家豪!H4 -> 53775700 | J18: =[3]包家豪!I4 -> 52041000 | ... N18: =[3]包家豪!M4 -> 27788400 | O18: =SUM(C18:N18) -> 525739870
B19: GMV完成 | C19: 42370824 | D19: 55967842 | E19: 37113630 | F19: 40778074 | G19: 27547226 | H19: 14189867
B20: GMV完成进度 | C20: =IFERROR(C19/C18,0) -> 0.99926899 | D20: =IFERROR(D19/D18,0) -> 1.5001365 | E20: =IFERROR(E19/E18,0) -> 1.064648 | F20: =IFERROR(F19/F18,0) -> 1.1320325 | G20: =IFERROR(G19/G18,0) -> 0.55040512 | H20: =IFERROR(H19/H18,0) -> 0.33122591 | I20: =IFERROR(I19/I18,0) -> 0 | J20: =IFERROR(J19/J18,0) -> 0 | ... N20: =IFERROR(N19/N18,0) -> 0
B22: GSV目标 | C22: =[3]包家豪!B5/12.5 -> 1039144.3 | D22: =[3]包家豪!C5/12.5 -> 952524.6 | E22: =[3]包家豪!D5/12.5 -> 889428 | F22: =[3]包家豪!E5/12.5 -> 919075.6 | G22: =[3]包家豪!F5/12.5 -> 1278366 | H22: =[3]包家豪!G5/12.5 -> 1092958.9 | I22: =[3]包家豪!H5/12.5 -> 1372952.8 | J22: =[3]包家豪!I5/12.5 -> 1328664 | ... N22: =[3]包家豪!M5/12.5 -> 709118.8 | O22: =SUM(C22:N22) -> 13376960
B23: GSV完成 | C23: 1144197.3 | D23: 1464434.9 | E23: 980312.1 | F23: 1046342 | G23: 735120.45 | H23: 357869.18
B24: GSV完成进度 | C24: =IFERROR(C23/C22,0) -> 1.1010957 | D24: =IFERROR(D23/D22,0) -> 1.5374248 | E24: =IFERROR(E23/E22,0) -> 1.1021826 | F24: =IFERROR(F23/F22,0) -> 1.1384722 | G24: =IFERROR(G23/G22,0) -> 0.57504693 | H24: =IFERROR(H23/H22,0) -> 0.3274315 | I24: =IFERROR(I23/I22,0) -> 0 | J24: =IFERROR(J23/J22,0) -> 0 | ... N24: =IFERROR(N23/N22,0) -> 0
B26: 退款率
B27: 退货率
B28: 利润率 | C28: =IFERROR(C7/C23,0) -> 0.01144106 | D28: =IFERROR(D7/D23,0) -> 0.021948056 | E28: =IFERROR(E7/E23,0) -> -0.010626147 | F28: =IFERROR(F7/F23,0) -> 0.034197652 | G28: =IFERROR(G7/G23,0) -> 0.050827534 | H28: =IFERROR(H7/H23,0) -> 0.10020452 | I28: =IFERROR(I7/I23,0) -> 0 | J28: =IFERROR(J7/J23,0) -> 0 | ... N28: =IFERROR(N7/N23,0) -> 0
B29: 全年利润目标 | C29: =SUM(C6:N6) -> 1844131.2
B30: 全年实际利润 | C30: =SUM(C7:N7) -> 143822.3
B31: 全年利润完成进度 | C31: =IFERROR(C30/C29,0) -> 0.077989191
B33: 全年GSV目标 | C33: =SUM(C22:N22) -> 13376960
B34: 全年实际GSV | C34: =SUM(C23:N23) -> 5728276
B35: 全年GSV完成进度 | C35: =IFERROR(C34/C33,0) -> 0.42821957
B37: 时间进度 | C37: 45.3%
B39: 全年利润率 | C39: =IFERROR(C30/C34,0) -> 0.025107432

Sheet 杨皓
A1: 2026年度WB进度
A2: 项目 | B2: 月度 | C2: 2月 | D2: 3月 | E2: 4月 | F2: 5月 | G2: 6月 | H2: 7月 | I2: 8月 | J2: 9月 | K2: 10月 | L2: 11月 | M2: 12月 | N2: 1月 | O2: 汇总
B3: 季度 | C3: Q1 | F3: Q2 | I3: Q3 | L3: Q4
B4: 季度财报 | C4: =(C7+D7+E7) -> 1023552.8 | F4: =(F7+G7+H7) -> 483136.1 | I4: =(I7+J7+K7) -> 0 | L4: =(L7+M7+N7) -> 0
B5: 季度财报进度 | C5: =(C7+D7+E7)/(C6+D6+E6) -> 0.90399189 | F5: =(F7+G7+H7)/(F6+G6+H6) -> 0.44552378 | I5: =(I7+J7+K7)/(I6+J6+K6) -> 0 | L5: =(L7+M7+N7)/(L6+M6+N6) -> 0
A6: 目标完成情况 | B6: 月度目标 利润（人民币） | C6: =[3]总目标!B82 -> 249612 | D6: =[3]总目标!C82 -> 485112.39 | E6: =[3]总目标!D82 -> 397534.43 | F6: =[3]总目标!E82 -> 391039.08 | G6: =[3]总目标!F82 -> 369194.75 | H6: =[3]总目标!G82 -> 324188.85 | I6: =[3]总目标!H82 -> 367365.25 | J6: =[3]总目标!I82 -> 355514.75 | ... N6: =[3]总目标!M82 -> 252862.43 | O6: =SUM(C6:N6) -> 4216567.3
B7: 实际利润（人民币） | C7: 183083.05 | D7: 513290.28 | E7: 327179.46 | F7: 235574.03 | G7: 163958.01 | H7: 83604.06 | O7: =SUM(C7:N7) -> 1506688.9
B8: 目标完成进度 | C8: =IFERROR(C7/C6,0) -> 0.73347055 | D8: =IFERROR(D7/D6,0) -> 1.0580853 | E8: =IFERROR(E7/E6,0) -> 0.8230217 | F8: =IFERROR(F7/F6,0) -> 0.60243091 | G8: =IFERROR(G7/G6,0) -> 0.44409626 | H8: =IFERROR(H7/H6,0) -> 0.25788691 | I8: =IFERROR(I7/I6,0) -> 0 | J8: =IFERROR(J7/J6,0) -> 0 | ... N8: =IFERROR(N7/N6,0) -> 0 | O8: =O7/O6 -> 0.35732595
B10: 销量目标 | C10: =[3]杨皓!B7 -> 15652 | D10: =[3]杨皓!C7 -> 25575 | E10: =[3]杨皓!D7 -> 22800 | F10: =[3]杨皓!E7 -> 23560 | G10: =[3]杨皓!F7 -> 22350 | H10: =[3]杨皓!G7 -> 21390 | I10: =[3]杨皓!H7 -> 19840 | J10: =[3]杨皓!I7 -> 19200 | ... N10: =[3]杨皓!M7 -> 15810 | O10: =SUM(C10:N10) -> 243367
B11: 销量完成 | C11: 14006 | D11: 29910 | E11: 24050 | F11: 20697 | G11: 10629 | H11: 5552
B12: 销量完成进度 | C12: =IFERROR(C11/C10,0) -> 0.89483772 | D12: =IFERROR(D11/D10,0) -> 1.1695015 | E12: =IFERROR(E11/E10,0) -> 1.0548246 | F12: =IFERROR(F11/F10,0) -> 0.87848048 | G12: =IFERROR(G11/G10,0) -> 0.47557047 | H12: =IFERROR(H11/H10,0) -> 0.25956054 | I12: =IFERROR(I11/I10,0) -> 0 | J12: =IFERROR(J11/J10,0) -> 0 | ... N12: =IFERROR(N11/N10,0) -> 0
B14: 实销目标 | C14: =[3]杨皓!B8 -> 4931 | D14: =[3]杨皓!C8 -> 8069.3 | E14: =[3]杨皓!D8 -> 7200 | F14: =[3]杨皓!E8 -> 7446.2 | G14: =[3]杨皓!F8 -> 7068 | H14: =[3]杨皓!G8 -> 6770.4 | I14: =[3]杨皓!H8 -> 6348.8 | J14: =[3]杨皓!I8 -> 6144 | ... N14: =[3]杨皓!M8 -> 5059.2 | O14: =SUM(C14:N14) -> 77337.7
B15: 实销完成 | C15: 4028 | D15: 9084 | E15: 7984 | F15: 6921 | G15: 3584 | H15: 1727
B16: 实销完成进度 | C16: =IFERROR(C15/C14,0) -> 0.81687285 | D16: =IFERROR(D15/D14,0) -> 1.1257482 | E16: =IFERROR(E15/E14,0) -> 1.1088889 | F16: =IFERROR(F15/F14,0) -> 0.92946738 | G16: =IFERROR(G15/G14,0) -> 0.50707414 | H16: =IFERROR(H15/H14,0) -> 0.25508094 | I16: =IFERROR(I15/I14,0) -> 0 | J16: =IFERROR(J15/J14,0) -> 0 | ... N16: =IFERROR(N15/N14,0) -> 0
B18: GMV目标 | C18: =[3]杨皓!B4 -> 60945529 | D18: =[3]杨皓!C4 -> 105245000 | E18: =[3]杨皓!D4 -> 93900000 | F18: =[3]杨皓!E4 -> 97045500 | G18: =[3]杨皓!F4 -> 92040000 | H18: =[3]杨皓!G4 -> 88164000 | I18: =[3]杨皓!H4 -> 82258500 | J18: =[3]杨皓!I4 -> 79605000 | ... N18: =[3]杨皓!M4 -> 65541750 | O18: =SUM(C18:N18) -> 1001861529
B19: GMV完成 | C19: 54297707 | D19: 123457501 | E19: 98980880 | F19: 87996063 | G19: 44311201 | H19: 23416511
B20: GMV完成进度 | C20: =IFERROR(C19/C18,0) -> 0.89092191 | D20: =IFERROR(D19/D18,0) -> 1.1730486 | E20: =IFERROR(E19/E18,0) -> 1.0541095 | F20: =IFERROR(F19/F18,0) -> 0.90675058 | G20: =IFERROR(G19/G18,0) -> 0.48143417 | H20: =IFERROR(H19/H18,0) -> 0.26560173 | I20: =IFERROR(I19/I18,0) -> 0 | J20: =IFERROR(J19/J18,0) -> 0 | ... N20: =IFERROR(N19/N18,0) -> 0
B22: GSV目标 | C22: =[3]杨皓!B5/12.5 -> 1540624.3 | D22: =[3]杨皓!C5/12.5 -> 2657568 | E22: =[3]杨皓!D5/12.5 -> 2373120 | F22: =[3]杨皓!E5/12.5 -> 2454604.8 | G22: =[3]杨皓!F5/12.5 -> 2329344 | H22: =[3]杨皓!G5/12.5 -> 2233190.4 | I22: =[3]杨皓!H5/12.5 -> 2105817.6 | J22: =[3]杨皓!I5/12.5 -> 2037888 | ... N22: =[3]杨皓!M5/12.5 -> 1677868.8 | O22: =SUM(C22:N22) -> 25480202
B23: GSV完成 | C23: 1404970.9 | D23: 3326888.7 | E23: 2800268.3 | F23: 2608141.7 | G23: 1421730 | H23: 630036.72
B24: GSV完成进度 | C24: =IFERROR(C23/C22,0) -> 0.91194904 | D24: =IFERROR(D23/D22,0) -> 1.2518546 | E24: =IFERROR(E23/E22,0) -> 1.1799944 | F24: =IFERROR(F23/F22,0) -> 1.0625506 | G24: =IFERROR(G23/G22,0) -> 0.61035639 | H24: =IFERROR(H23/H22,0) -> 0.28212405 | I24: =IFERROR(I23/I22,0) -> 0 | J24: =IFERROR(J23/J22,0) -> 0 | ... N24: =IFERROR(N23/N22,0) -> 0
B26: 退款率
B27: 退货率
B28: 利润率 | C28: =IFERROR(C7/C23,0) -> 0.13031092 | D28: =IFERROR(D7/D23,0) -> 0.15428538 | E28: =IFERROR(E7/E23,0) -> 0.11683861 | F28: =IFERROR(F7/F23,0) -> 0.090322558 | G28: =IFERROR(G7/G23,0) -> 0.11532289 | H28: =IFERROR(H7/H23,0) -> 0.13269712 | I28: =IFERROR(I7/I23,0) -> 0 | J28: =IFERROR(J7/J23,0) -> 0 | ... N28: =IFERROR(N7/N23,0) -> 0
B29: 全年利润目标 | C29: =SUM(C6:N6) -> 4216567.3
B30: 全年实际利润 | C30: =SUM(C7:N7) -> 1506688.9
B31: 全年利润完成进度 | C31: =IFERROR(C30/C29,0) -> 0.35732595
B33: 全年GSV目标 | C33: =SUM(C22:N22) -> 25480202
B34: 全年实际GSV | C34: =SUM(C23:N23) -> 12192036
B35: 全年GSV完成进度 | C35: =IFERROR(C34/C33,0) -> 0.47849057
B37: 时间进度 | C37: 45.3%
B39: 全年利润率 | C39: =IFERROR(C30/C34,0) -> 0.12357976
