Workbook

Sheet Z-NZTF1店
A1: 2026年度WB进度
A2: 项目 | B2: 月度 | C2: 2月 | D2: 3月 | E2: 4月 | F2: 5月 | G2: 6月 | H2: 7月 | I2: 8月 | J2: 9月 | K2: 10月 | L2: 11月 | M2: 12月 | N2: 1月 | O2: 汇总
B3: 季度 | C3: Q1 | F3: Q2 | I3: Q3 | L3: Q4
B4: 季度财报 | C4: =(C7+D7+E7) -> 273719.3 | F4: =(F7+G7+H7) -> 188699.09 | I4: =(I7+J7+K7) -> 0 | L4: =(L7+M7+N7) -> 0
B5: 季度财报进度 | C5: =(C7+D7+E7)/(C6+D6+E6) -> 1.4056547 | F5: =(F7+G7+H7)/(F6+G6+H6) -> 0.55298646 | I5: =(I7+J7+K7)/(I6+J6+K6) -> 0 | L5: =(L7+M7+N7)/(L6+M6+N6) -> 0
A6: 目标完成情况 | B6: 月度目标 利润（人民币） | C6: =[1]目标拆解!B42 -> 25963.636 | D6: =[1]目标拆解!C42 -> 57490.909 | E6: =[1]目标拆解!D42 -> 111272.73 | F6: =[1]目标拆解!E42 -> 114981.82 | G6: =[1]目标拆解!F42 -> 111272.73 | H6: =[1]目标拆解!G42 -> 114981.82 | I6: =[1]目标拆解!H42 -> 201218.18 | J6: =[1]目标拆解!I42 -> 194727.27 | ... N6: =[1]目标拆解!M42 -> 86236.364 | O6: =SUM(C6:N6) -> 1530000
B7: 实际利润（人民币） | C7: ='[1]月度数据汇总--女装'!C8 -> 63564.22 | D7: ='[1]月度数据汇总--女装'!D8 -> 186252.86 | E7: ='[1]月度数据汇总--女装'!E8 -> 23902.22 | F7: ='[1]月度数据汇总--女装'!F8 -> 154982.1 | G7: ='[1]月度数据汇总--女装'!G8 -> 33716.99 | H7: ='[1]月度数据汇总--女装'!H8 -> 0 | I7: ='[1]月度数据汇总--女装'!I8 -> 0 | J7: ='[1]月度数据汇总--女装'!J8 -> 0 | ... N7: ='[1]月度数据汇总--女装'!N8 -> 0 | O7: =SUM(C7:N7) -> 462418.39
B8: 目标完成进度 | C8: =C7/C6 -> 2.4482018 | D8: =D7/D6 -> 3.2396924 | E8: =E7/E6 -> 0.21480753 | F8: =F7/F6 -> 1.3478835 | G8: =G7/G6 -> 0.30301217 | H8: =H7/H6 -> 0 | I8: =I7/I6 -> 0 | J8: =J7/J6 -> 0 | ... O8: =O7/O6 -> 0.30223424
B10: 销量目标 | C10: =[1]目标拆解!B46 -> 2051.4624 | D10: =[1]目标拆解!C46 -> 4542.5239 | E10: =[1]目标拆解!D46 -> 8791.9817 | F10: =[1]目标拆解!E46 -> 9085.0478 | G10: =[1]目标拆解!F46 -> 8791.9817 | H10: =[1]目标拆解!G46 -> 9085.0478 | I10: =[1]目标拆解!H46 -> 15898.834 | J10: =[1]目标拆解!I46 -> 15385.968 | ... N10: =[1]目标拆解!M46 -> 6813.7858 | O10: =SUM(C10:N10) -> 120889.75
B11: 销量完成 | C11: ='[1]月度数据汇总--女装'!C9 -> 3019 | D11: ='[1]月度数据汇总--女装'!D9 -> 10048 | E11: ='[1]月度数据汇总--女装'!E9 -> 5984 | F11: ='[1]月度数据汇总--女装'!F9 -> 11196 | G11: ='[1]月度数据汇总--女装'!G9 -> 4045 | H11: ='[1]月度数据汇总--女装'!H9 -> 0 | I11: ='[1]月度数据汇总--女装'!I9 -> 0 | J11: ='[1]月度数据汇总--女装'!J9 -> 0 | ... N11: ='[1]月度数据汇总--女装'!N9 -> 0 | O11: =SUM(C11:N11) -> 34292
B12: 销量完成进度 | C12: =C11/C10 -> 1.4716331 | D12: =D11/D10 -> 2.2119862 | E12: =E11/E10 -> 0.68062016 | F12: =F11/F10 -> 1.2323546 | G12: =G11/G10 -> 0.4600783 | H12: =H11/H10 -> 0 | I12: =I11/I10 -> 0 | J12: =J11/J10 -> 0 | ... O12: =O11/O10 -> 0.28366342
B14: 实销目标 | C14: =[1]目标拆解!B31 -> 361.05738 | D14: =[1]目标拆解!C31 -> 799.4842 | E14: =[1]目标拆解!D31 -> 1547.3888 | F14: =[1]目标拆解!E31 -> 1598.9684 | G14: =[1]目标拆解!F31 -> 1547.3888 | H14: =[1]目标拆解!G31 -> 1598.9684 | I14: =[1]目标拆解!H31 -> 2798.1947 | J14: =[1]目标拆解!I31 -> 2707.9304 | ... N14: =[1]目标拆解!M31 -> 1199.2263 | O14: =SUM(C14:N14) -> 21276.596
B15: 实销完成 | C15: ='[1]月度数据汇总--女装'!C10 -> 782 | D15: ='[1]月度数据汇总--女装'!D10 -> 2400 | E15: ='[1]月度数据汇总--女装'!E10 -> 1177 | F15: ='[1]月度数据汇总--女装'!F10 -> 2441 | G15: ='[1]月度数据汇总--女装'!G10 -> 887 | H15: ='[1]月度数据汇总--女装'!H10 -> 0 | I15: ='[1]月度数据汇总--女装'!I10 -> 0 | J15: ='[1]月度数据汇总--女装'!J10 -> 0 | ... N15: ='[1]月度数据汇总--女装'!N10 -> 0 | O15: =SUM(C15:N15) -> 7687
B16: 实销完成进度 | C16: =C15/C14 -> 2.1658607 | D16: =D15/D14 -> 3.0019355 | E16: =E15/E14 -> 0.76063625 | F16: =F15/F14 -> 1.5266093 | G16: =G15/G14 -> 0.57322375 | H16: =H15/H14 -> 0 | I16: =I15/I14 -> 0 | J16: =J15/J14 -> 0 | ... O16: =O15/O14 -> 0.361289
B18: GMV目标 | C18: =[1]目标拆解!B38 -> 9641873.3 | D18: =[1]目标拆解!C38 -> 21349862 | E18: =[1]目标拆解!D38 -> 41322314 | F18: =[1]目标拆解!E38 -> 42699725 | G18: =[1]目标拆解!F38 -> 41322314 | H18: =[1]目标拆解!G38 -> 42699725 | I18: =[1]目标拆解!H38 -> 74724518 | J18: =[1]目标拆解!I38 -> 72314050 | ... N18: =[1]目标拆解!M38 -> 32024793 | O18: =SUM(C18:N18) -> 5.6818182e+08
B19: GMV完成 | C19: ='[1]月度数据汇总--女装'!C11 -> 17294018 | D19: ='[1]月度数据汇总--女装'!D11 -> 50353143 | E19: ='[1]月度数据汇总--女装'!E11 -> 30943005 | F19: ='[1]月度数据汇总--女装'!F11 -> 56092797 | G19: ='[1]月度数据汇总--女装'!G11 -> 18377548 | H19: ='[1]月度数据汇总--女装'!H11 -> 0 | I19: ='[1]月度数据汇总--女装'!I11 -> 0 | J19: ='[1]月度数据汇总--女装'!J11 -> 0 | ... N19: ='[1]月度数据汇总--女装'!N11 -> 0 | O19: =SUM(C19:N19) -> 173060511
B20: GMV完成进度 | C20: =C19/C18 -> 1.7936367 | D20: =D19/D18 -> 2.3584762 | E20: =E19/E18 -> 0.74882072 | F20: =F19/F18 -> 1.3136571 | G20: =G19/G18 -> 0.44473666 | H20: =H19/H18 -> 0 | I20: =I19/I18 -> 0 | J20: =J19/J18 -> 0 | ... O20: =O19/O18 -> 0.3045865
B22: GSV目标 | C22: =[1]目标拆解!B40 -> 169696.97 | D22: =[1]目标拆解!C40 -> 375757.58 | E22: =[1]目标拆解!D40 -> 727272.73 | F22: =[1]目标拆解!E40 -> 751515.15 | G22: =[1]目标拆解!F40 -> 727272.73 | H22: =[1]目标拆解!G40 -> 751515.15 | I22: =[1]目标拆解!H40 -> 1315151.5 | J22: =[1]目标拆解!I40 -> 1272727.3 | ... N22: =[1]目标拆解!M40 -> 563636.36 | O22: =SUM(C22:N22) -> 10000000
B23: GSV完成 | C23: ='[1]月度数据汇总--女装'!C12 -> 324669.67 | D23: ='[1]月度数据汇总--女装'!D12 -> 1018496.8 | E23: ='[1]月度数据汇总--女装'!E12 -> 504766.74 | F23: ='[1]月度数据汇总--女装'!F12 -> 1069518.4 | G23: ='[1]月度数据汇总--女装'!G12 -> 401111.57 | H23: ='[1]月度数据汇总--女装'!H12 -> 0 | I23: ='[1]月度数据汇总--女装'!I12 -> 0 | J23: ='[1]月度数据汇总--女装'!J12 -> 0 | ... N23: ='[1]月度数据汇总--女装'!N12 -> 0 | O23: =SUM(C23:N23) -> 3318563.2
B24: GSV完成进度 | C24: =C23/C22 -> 1.913232 | D24: =D23/D22 -> 2.7105157 | E24: =E23/E22 -> 0.69405427 | F24: =F23/F22 -> 1.4231495 | G24: =G23/G22 -> 0.55152841 | H24: =H23/H22 -> 0 | I24: =I23/I22 -> 0 | J24: =J23/J22 -> 0 | ... O24: =O23/O22 -> 0.33185632
B26: 退款率 | C26: =1-C23*12.5/(C19) -> 0.76533094 | D26: =1-D23*12.5/(D19) -> 0.74716156 | E26: =1-E23*12.5/(E19) -> 0.79609013 | F26: =1-F23*12.5/(F19) -> 0.76166316 | G26: =1-G23*12.5/(G19) -> 0.72717282 | H26: =1-H23*12.5/(H19) -> #DIV/0! | I26: =1-I23*12.5/(I19) -> #DIV/0! | J26: =1-J23*12.5/(J19) -> #DIV/0! | ... O26: =1-O23*12.5/(O19) -> 0.76030326
B27: 退货率 | C27: =1-C15/C11 -> 0.74097383 | D27: =1-D15/D11 -> 0.7611465 | E27: =1-E15/E11 -> 0.80330882 | F27: =1-F15/F11 -> 0.78197571 | G27: =1-G15/G11 -> 0.78071693 | H27: =1-H15/H11 -> #DIV/0! | I27: =1-I15/I11 -> #DIV/0! | J27: =1-J15/J11 -> #DIV/0! | ... O27: =1-O15/O11 -> 0.77583693
B28: 利润率 | C28: =C7/(C23) -> 0.19578121 | D28: =D7/(D23) -> 0.18287034 | E28: =E7/(E23) -> 0.047353001 | F28: =F7/(F23) -> 0.1449083 | G28: =G7/(G23) -> 0.084058882 | H28: =H7/(H23) -> #DIV/0! | I28: =I7/(I23) -> #DIV/0! | J28: =J7/(J23) -> #DIV/0! | ... O28: =O7/(O23) -> 0.13934295

Sheet G-NZTF1店
A1: 2026年度WB进度
A2: 项目 | B2: 月度 | C2: 2月 | D2: 3月 | E2: 4月 | F2: 5月 | G2: 6月 | H2: 7月 | I2: 8月 | J2: 9月 | K2: 10月 | L2: 11月 | M2: 12月 | N2: 1月 | O2: 汇总
B3: 季度 | C3: Q1 | F3: Q2 | I3: Q3 | L3: Q4
B4: 季度财报 | C4: =(C7+D7+E7) -> 110473.88 | F4: =(F7+G7+H7) -> 13481.55 | I4: =(I7+J7+K7) -> 0 | L4: =(L7+M7+N7) -> 0
B5: 季度财报进度 | C5: =(C7+D7+E7)/(C6+D6+E6) -> 1.5500162 | F5: =(F7+G7+H7)/(F6+G6+H6) -> 0.10794137 | I5: =(I7+J7+K7)/(I6+J6+K6) -> 0 | L5: =(L7+M7+N7)/(L6+M6+N6) -> 0
A6: 目标完成情况 | B6: 月度目标 利润（人民币） | C6: =[1]目标拆解!B25 -> 9503.0303 | D6: =[1]目标拆解!C25 -> 21042.424 | E6: =[1]目标拆解!D25 -> 40727.273 | F6: =[1]目标拆解!E25 -> 42084.848 | G6: =[1]目标拆解!F25 -> 40727.273 | H6: =[1]目标拆解!G25 -> 42084.848 | I6: =[1]目标拆解!H25 -> 73648.485 | J6: =[1]目标拆解!I25 -> 71272.727 | ... N6: =[1]目标拆解!M25 -> 31563.636 | O6: =SUM(C6:N6) -> 560000
B7: 实际利润（人民币） | C7: ='[1]月度数据汇总--女装'!C3 -> -6740.65 | D7: ='[1]月度数据汇总--女装'!D3 -> 106911.11 | E7: ='[1]月度数据汇总--女装'!E3 -> 10303.42 | F7: ='[1]月度数据汇总--女装'!F3 -> 27181.29 | G7: ='[1]月度数据汇总--女装'!G3 -> -13699.74 | H7: ='[1]月度数据汇总--女装'!H3 -> 0 | I7: ='[1]月度数据汇总--女装'!I3 -> 0 | J7: ='[1]月度数据汇总--女装'!J3 -> 0 | ... N7: ='[1]月度数据汇总--女装'!N3 -> 0 | O7: =SUM(C7:N7) -> 123955.43
B8: 目标完成进度 | C8: =C7/C6 -> -0.70931585 | D8: =D7/D6 -> 5.0807411 | E8: =E7/E6 -> 0.25298576 | F8: =F7/F6 -> 0.64586879 | G8: =G7/G6 -> -0.33637754 | H8: =H7/H6 -> 0 | I8: =I7/I6 -> 0 | J8: =J7/J6 -> 0 | ... O8: =O7/O6 -> 0.22134898
B10: 销量目标 | C10: =[1]目标拆解!B29 -> 1805.2869 | D10: =[1]目标拆解!C29 -> 3997.421 | E10: =[1]目标拆解!D29 -> 7736.9439 | F10: =[1]目标拆解!E29 -> 7994.842 | G10: =[1]目标拆解!F29 -> 7736.9439 | H10: =[1]目标拆解!G29 -> 7994.842 | I10: =[1]目标拆解!H29 -> 13990.974 | J10: =[1]目标拆解!I29 -> 13539.652 | ... N10: =[1]目标拆解!M29 -> 5996.1315 | O10: =SUM(C10:N10) -> 106382.98
B11: 销量完成 | C11: ='[1]月度数据汇总--女装'!C4 -> 2362 | D11: ='[1]月度数据汇总--女装'!D4 -> 9892 | E11: ='[1]月度数据汇总--女装'!E4 -> 6207 | F11: ='[1]月度数据汇总--女装'!F4 -> 6031 | G11: ='[1]月度数据汇总--女装'!G4 -> 2483 | H11: ='[1]月度数据汇总--女装'!H4 -> 0 | I11: ='[1]月度数据汇总--女装'!I4 -> 0 | J11: ='[1]月度数据汇总--女装'!J4 -> 0 | ... N11: ='[1]月度数据汇总--女装'!N4 -> 0 | O11: =SUM(C11:N11) -> 26975
B12: 销量完成进度 | C12: =C11/C10 -> 1.3083793 | D12: =D11/D10 -> 2.4745955 | E12: =E11/E10 -> 0.80225475 | F12: =F11/F10 -> 0.75436137 | G12: =G11/G10 -> 0.32092775 | H12: =H11/H10 -> 0 | I12: =I11/I10 -> 0 | J12: =J11/J10 -> 0 | ... O12: =O11/O10 -> 0.253565
B14: 实销目标 | C14: =[1]目标拆解!B31 -> 361.05738 | D14: =[1]目标拆解!C31 -> 799.4842 | E14: =[1]目标拆解!D31 -> 1547.3888 | F14: =[1]目标拆解!E31 -> 1598.9684 | G14: =[1]目标拆解!F31 -> 1547.3888 | H14: =[1]目标拆解!G31 -> 1598.9684 | I14: =[1]目标拆解!H31 -> 2798.1947 | J14: =[1]目标拆解!I31 -> 2707.9304 | ... N14: =[1]目标拆解!M31 -> 1199.2263 | O14: =SUM(C14:N14) -> 21276.596
B15: 实销完成 | C15: ='[1]月度数据汇总--女装'!C5 -> 481 | D15: ='[1]月度数据汇总--女装'!D5 -> 2002 | E15: ='[1]月度数据汇总--女装'!E5 -> 1121 | F15: ='[1]月度数据汇总--女装'!F5 -> 1147 | G15: ='[1]月度数据汇总--女装'!G5 -> 510 | H15: ='[1]月度数据汇总--女装'!H5 -> 0 | I15: ='[1]月度数据汇总--女装'!I5 -> 0 | J15: ='[1]月度数据汇总--女装'!J5 -> 0 | ... N15: ='[1]月度数据汇总--女装'!N5 -> 0 | O15: =SUM(C15:N15) -> 5261
B16: 实销完成进度 | C16: =C15/C14 -> 1.3321982 | D16: =D15/D14 -> 2.5041145 | E16: =E15/E14 -> 0.72444625 | F16: =F15/F14 -> 0.7173375 | G16: =G15/G14 -> 0.3295875 | H16: =H15/H14 -> 0 | I16: =I15/I14 -> 0 | J16: =J15/J14 -> 0 | ... O16: =O15/O14 -> 0.247267
B18: GMV目标 | C18: =[1]目标拆解!B21 -> 8484848.5 | D18: =[1]目标拆解!C21 -> 18787879 | E18: =[1]目标拆解!D21 -> 36363636 | F18: =[1]目标拆解!E21 -> 37575758 | G18: =[1]目标拆解!F21 -> 36363636 | H18: =[1]目标拆解!G21 -> 37575758 | I18: =[1]目标拆解!H21 -> 65757576 | J18: =[1]目标拆解!I21 -> 63636364 | ... N18: =[1]目标拆解!M21 -> 28181818 | O18: =SUM(C18:N18) -> 500000000
B19: GMV完成 | C19: ='[1]月度数据汇总--女装'!C6 -> 13160868 | D19: ='[1]月度数据汇总--女装'!D6 -> 52320625 | E19: ='[1]月度数据汇总--女装'!E6 -> 29482199 | F19: ='[1]月度数据汇总--女装'!F6 -> 32616432 | G19: ='[1]月度数据汇总--女装'!G6 -> 11981910 | H19: ='[1]月度数据汇总--女装'!H6 -> 0 | I19: ='[1]月度数据汇总--女装'!I6 -> 0 | J19: ='[1]月度数据汇总--女装'!J6 -> 0 | ... N19: ='[1]月度数据汇总--女装'!N6 -> 0 | O19: =SUM(C19:N19) -> 139562034
B20: GMV完成进度 | C20: =C19/C18 -> 1.5511023 | D20: =D19/D18 -> 2.7848075 | E20: =E19/E18 -> 0.81076047 | F20: =F19/F18 -> 0.86801795 | G20: =G19/G18 -> 0.32950253 | H20: =H19/H18 -> 0 | I20: =I19/I18 -> 0 | J20: =J19/J18 -> 0 | ... O20: =O19/O18 -> 0.27912407
B22: GSV目标 | C22: =[1]目标拆解!B23 -> 135757.58 | D22: =[1]目标拆解!C23 -> 300606.06 | E22: =[1]目标拆解!D23 -> 581818.18 | F22: =[1]目标拆解!E23 -> 601212.12 | G22: =[1]目标拆解!F23 -> 581818.18 | H22: =[1]目标拆解!G23 -> 601212.12 | I22: =[1]目标拆解!H23 -> 1052121.2 | J22: =[1]目标拆解!I23 -> 1018181.8 | ... N22: =[1]目标拆解!M23 -> 450909.09 | O22: =SUM(C22:N22) -> 8000000
B23: GSV完成 | C23: ='[1]月度数据汇总--女装'!C7 -> 197473.98 | D23: ='[1]月度数据汇总--女装'!D7 -> 878014.15 | E23: ='[1]月度数据汇总--女装'!E7 -> 493495.3 | F23: ='[1]月度数据汇总--女装'!F7 -> 550489.45 | G23: ='[1]月度数据汇总--女装'!G7 -> 238074.01 | H23: ='[1]月度数据汇总--女装'!H7 -> 0 | I23: ='[1]月度数据汇总--女装'!I7 -> 0 | J23: ='[1]月度数据汇总--女装'!J7 -> 0 | ... N23: ='[1]月度数据汇总--女装'!N7 -> 0 | O23: =SUM(C23:N23) -> 2357546.9
B24: GSV完成进度 | C24: =C23/C22 -> 1.4546074 | D24: =D23/D22 -> 2.9208132 | E24: =E23/E22 -> 0.84819505 | F24: =F23/F22 -> 0.91563265 | G24: =G23/G22 -> 0.4091897 | H24: =H23/H22 -> 0 | I24: =I23/I22 -> 0 | J24: =J23/J22 -> 0 | ... O24: =O23/O22 -> 0.29469336
B26: 退款率 | C26: =1-C23*12.5/(C19) -> 0.8124421 | D26: =1-D23*12.5/(D19) -> 0.79023231 | E26: =1-E23*12.5/(E19) -> 0.79076557 | F26: =1-F23*12.5/(F19) -> 0.7890291 | G26: =1-G23*12.5/(G19) -> 0.75163182 | H26: =1-H23*12.5/(H19) -> #DIV/0! | I26: =1-I23*12.5/(I19) -> #DIV/0! | J26: =1-J23*12.5/(J19) -> #DIV/0! | ... O26: =1-O23*12.5/(O19) -> 0.78884418
B27: 退货率 | C27: =1-C15/C11 -> 0.79635902 | D27: =1-D15/D11 -> 0.79761423 | E27: =1-E15/E11 -> 0.81939745 | F27: =1-F15/F11 -> 0.80981595 | G27: =1-G15/G11 -> 0.7946033 | H27: =1-H15/H11 -> #DIV/0! | I27: =1-I15/I11 -> #DIV/0! | J27: =1-J15/J11 -> #DIV/0! | ... O27: =1-O15/O11 -> 0.80496756
B28: 利润率 | C28: =C7/(C23) -> -0.034134371 | D28: =D7/(D23) -> 0.12176468 | E28: =E7/(E23) -> 0.020878456 | F28: =F7/(F23) -> 0.049376587 | G28: =G7/(G23) -> -0.057544039 | H28: =H7/(H23) -> #DIV/0! | I28: =I7/(I23) -> #DIV/0! | J28: =J7/(J23) -> #DIV/0! | ... O28: =O7/(O23) -> 0.05257814

Sheet WB纯白关店
A1: 2026年度WB进度
A2: 项目 | B2: 月度 | C2: 2月 | D2: 3月 | E2: 4月 | F2: 5月 | G2: 6月 | H2: 7月 | I2: 8月 | J2: 9月 | K2: 10月 | L2: 11月 | M2: 12月 | N2: 1月 | O2: 汇总
B3: 季度 | C3: Q1 | F3: Q2 | I3: Q3 | L3: Q4
B4: 季度财报 | C4: =(C7+D7+E7) -> 0 | F4: =(F7+G7+H7) -> 0 | I4: =(I7+J7+K7) -> 0 | L4: =(L7+M7+N7) -> 0
B5: 季度财报进度 | C5: =(C7+D7+E7)/(C6+D6+E6) -> #DIV/0! | F5: =(F7+G7+H7)/(F6+G6+H6) -> #DIV/0! | I5: =(I7+J7+K7)/(I6+J6+K6) -> 0 | L5: =(L7+M7+N7)/(L6+M6+N6) -> 0
A6: 目标完成情况 | B6: 月度目标 利润（人民币） | C6: =[1]目标拆解!B59 -> 0 | D6: =[1]目标拆解!C59 -> 0 | E6: =[1]目标拆解!D59 -> 0 | F6: =[1]目标拆解!E59 -> 0 | G6: =[1]目标拆解!F59 -> 0 | H6: =[1]目标拆解!G59 -> 0 | I6: =[1]目标拆解!H59 -> 0 | J6: =[1]目标拆解!I59 -> 45000 | ... N6: =[1]目标拆解!M59 -> 45000 | O6: =SUM(C6:N6) -> 300000
B7: 实际利润（人民币） | C7: ='[1]月度数据汇总--女装'!C13 -> 0 | D7: ='[1]月度数据汇总--女装'!D13 -> 0 | E7: ='[1]月度数据汇总--女装'!E13 -> 0 | F7: ='[1]月度数据汇总--女装'!F13 -> 0 | G7: ='[1]月度数据汇总--女装'!G13 -> 0 | H7: ='[1]月度数据汇总--女装'!H13 -> 0 | I7: ='[1]月度数据汇总--女装'!I13 -> 0 | J7: ='[1]月度数据汇总--女装'!J13 -> 0 | ... N7: ='[1]月度数据汇总--女装'!N13 -> 0 | O7: =SUM(C7:N7) -> 0
B8: 目标完成进度 | C8: =C7/C6 -> #DIV/0! | D8: =D7/D6 -> #DIV/0! | E8: =E7/E6 -> #DIV/0! | F8: =F7/F6 -> #DIV/0! | G8: =G7/G6 -> #DIV/0! | H8: =H7/H6 -> #DIV/0! | I8: =I7/I6 -> #DIV/0! | J8: =J7/J6 -> 0 | ... O8: =O7/O6 -> 0
B10: 销量目标 | C10: =[1]目标拆解!B63 -> 0 | D10: =[1]目标拆解!C63 -> 0 | E10: =[1]目标拆解!D63 -> 0 | F10: =[1]目标拆解!E63 -> 0 | G10: =[1]目标拆解!F63 -> 0 | H10: =[1]目标拆解!G63 -> 0 | I10: =[1]目标拆解!H63 -> 0 | J10: =[1]目标拆解!I63 -> 5699.0881 | ... N10: =[1]目标拆解!M63 -> 5699.0881 | O10: =SUM(C10:N10) -> 37993.921
B11: 销量完成 | C11: ='[1]月度数据汇总--女装'!C14 -> 0 | D11: ='[1]月度数据汇总--女装'!D14 -> 0 | E11: ='[1]月度数据汇总--女装'!E14 -> 0 | F11: ='[1]月度数据汇总--女装'!F14 -> 0 | G11: ='[1]月度数据汇总--女装'!G14 -> 0 | H11: ='[1]月度数据汇总--女装'!H14 -> 0 | I11: ='[1]月度数据汇总--女装'!I14 -> 0 | J11: ='[1]月度数据汇总--女装'!J14 -> 0 | ... N11: ='[1]月度数据汇总--女装'!N14 -> 0 | O11: =SUM(C11:N11) -> 0
B12: 销量完成进度 | C12: =C11/C10 -> #DIV/0! | D12: =D11/D10 -> #DIV/0! | E12: =E11/E10 -> #DIV/0! | F12: =F11/F10 -> #DIV/0! | G12: =G11/G10 -> #DIV/0! | H12: =H11/H10 -> #DIV/0! | I12: =I11/I10 -> #DIV/0! | J12: =J11/J10 -> 0 | ... O12: =O11/O10 -> 0
B14: 实销目标 | C14: =[1]目标拆解!B65 -> 0 | D14: =[1]目标拆解!C65 -> 0 | E14: =[1]目标拆解!D65 -> 0 | F14: =[1]目标拆解!E65 -> 0 | G14: =[1]目标拆解!F65 -> 0 | H14: =[1]目标拆解!G65 -> 0 | I14: =[1]目标拆解!H65 -> 0 | J14: =[1]目标拆解!I65 -> 1196.8085 | ... N14: =[1]目标拆解!M65 -> 1196.8085 | O14: =SUM(C14:N14) -> 7978.7234
B15: 实销完成 | C15: ='[1]月度数据汇总--女装'!C15 -> 0 | D15: ='[1]月度数据汇总--女装'!D15 -> 0 | E15: ='[1]月度数据汇总--女装'!E15 -> 0 | F15: ='[1]月度数据汇总--女装'!F15 -> 0 | G15: ='[1]月度数据汇总--女装'!G15 -> 0 | H15: ='[1]月度数据汇总--女装'!H15 -> 0 | I15: ='[1]月度数据汇总--女装'!I15 -> 0 | J15: ='[1]月度数据汇总--女装'!J15 -> 0 | ... N15: ='[1]月度数据汇总--女装'!N15 -> 0 | O15: =SUM(C15:N15) -> 0
B16: 实销完成进度 | C16: =C15/C14 -> #DIV/0! | D16: =D15/D14 -> #DIV/0! | E16: =E15/E14 -> #DIV/0! | F16: =F15/F14 -> #DIV/0! | G16: =G15/G14 -> #DIV/0! | H16: =H15/H14 -> #DIV/0! | I16: =I15/I14 -> #DIV/0! | J16: =J15/J14 -> 0 | ... O16: =O15/O14 -> 0
B18: GMV目标 | C18: =[1]目标拆解!B55 -> 0 | D18: =[1]目标拆解!C55 -> 0 | E18: =[1]目标拆解!D55 -> 0 | F18: =[1]目标拆解!E55 -> 0 | G18: =[1]目标拆解!F55 -> 0 | H18: =[1]目标拆解!G55 -> 0 | I18: =[1]目标拆解!H55 -> 0 | J18: =[1]目标拆解!I55 -> 26785714 | ... N18: =[1]目标拆解!M55 -> 26785714 | O18: =SUM(C18:N18) -> 1.7857143e+08
B19: GMV完成 | C19: ='[1]月度数据汇总--女装'!C16 -> 0 | D19: ='[1]月度数据汇总--女装'!D16 -> 0 | E19: ='[1]月度数据汇总--女装'!E16 -> 0 | F19: ='[1]月度数据汇总--女装'!F16 -> 0 | G19: ='[1]月度数据汇总--女装'!G16 -> 0 | H19: ='[1]月度数据汇总--女装'!H16 -> 0 | I19: ='[1]月度数据汇总--女装'!I16 -> 0 | J19: ='[1]月度数据汇总--女装'!J16 -> 0 | ... N19: ='[1]月度数据汇总--女装'!N16 -> 0 | O19: =SUM(C19:N19) -> 0
B20: GMV完成进度 | C20: =C19/C18 -> #DIV/0! | D20: =D19/D18 -> #DIV/0! | E20: =E19/E18 -> #DIV/0! | F20: =F19/F18 -> #DIV/0! | G20: =G19/G18 -> #DIV/0! | H20: =H19/H18 -> #DIV/0! | I20: =I19/I18 -> #DIV/0! | J20: =J19/J18 -> 0 | ... O20: =O19/O18 -> 0
B22: GSV目标 | C22: =[1]目标拆解!B57 -> 0 | D22: =[1]目标拆解!C57 -> 0 | E22: =[1]目标拆解!D57 -> 0 | F22: =[1]目标拆解!E57 -> 0 | G22: =[1]目标拆解!F57 -> 0 | H22: =[1]目标拆解!G57 -> 0 | I22: =[1]目标拆解!H57 -> 0 | J22: =[1]目标拆解!I57 -> 450000 | ... N22: =[1]目标拆解!M57 -> 450000 | O22: =SUM(C22:N22) -> 3000000
B23: GSV完成 | C23: ='[1]月度数据汇总--女装'!C17 -> 0 | D23: ='[1]月度数据汇总--女装'!D17 -> 0 | E23: ='[1]月度数据汇总--女装'!E17 -> 0 | F23: ='[1]月度数据汇总--女装'!F17 -> 0 | G23: ='[1]月度数据汇总--女装'!G17 -> 0 | H23: ='[1]月度数据汇总--女装'!H17 -> 0 | I23: ='[1]月度数据汇总--女装'!I17 -> 0 | J23: ='[1]月度数据汇总--女装'!J17 -> 0 | ... N23: ='[1]月度数据汇总--女装'!N17 -> 0 | O23: =SUM(C23:N23) -> 0
B24: GSV完成进度 | C24: =C23/C22 -> #DIV/0! | D24: =D23/D22 -> #DIV/0! | E24: =E23/E22 -> #DIV/0! | F24: =F23/F22 -> #DIV/0! | G24: =G23/G22 -> #DIV/0! | H24: =H23/H22 -> #DIV/0! | I24: =I23/I22 -> #DIV/0! | J24: =J23/J22 -> 0 | ... O24: =O23/O22 -> 0
B26: 退款率 | C26: =1-C23*12.5/(C19) -> #DIV/0! | D26: =1-D23*12.5/(D19) -> #DIV/0! | E26: =1-E23*12.5/(E19) -> #DIV/0! | F26: =1-F23*12.5/(F19) -> #DIV/0! | G26: =1-G23*12.5/(G19) -> #DIV/0! | H26: =1-H23*12.5/(H19) -> #DIV/0! | I26: =1-I23*12.5/(I19) -> #DIV/0! | J26: =1-J23*12.5/(J19) -> #DIV/0! | ... O26: =1-O23*12.5/(O19) -> #DIV/0!
B27: 退货率 | C27: =1-C15/C11 -> #DIV/0! | D27: =1-D15/D11 -> #DIV/0! | E27: =1-E15/E11 -> #DIV/0! | F27: =1-F15/F11 -> #DIV/0! | G27: =1-G15/G11 -> #DIV/0! | H27: =1-H15/H11 -> #DIV/0! | I27: =1-I15/I11 -> #DIV/0! | J27: =1-J15/J11 -> #DIV/0! | ... O27: =1-O15/O11 -> #DIV/0!
B28: 利润率 | C28: =C7/(C23) -> #DIV/0! | D28: =D7/(D23) -> #DIV/0! | E28: =E7/(E23) -> #DIV/0! | F28: =F7/(F23) -> #DIV/0! | G28: =G7/(G23) -> #DIV/0! | H28: =H7/(H23) -> #DIV/0! | I28: =I7/(I23) -> #DIV/0! | J28: =J7/(J23) -> #DIV/0! | ... O28: =O7/(O23) -> #DIV/0!

Sheet OZ女装店
A1: 2026年度WB进度
A2: 项目 | B2: 月度 | C2: 2月 | D2: 3月 | E2: 4月 | F2: 5月 | G2: 6月 | H2: 7月 | I2: 8月 | J2: 9月 | K2: 10月 | L2: 11月 | M2: 12月 | N2: 1月 | O2: 汇总
B3: 季度 | C3: Q1 | F3: Q2 | I3: Q3 | L3: Q4
B4: 季度财报 | C4: =(C7+D7+E7) -> 0 | F4: =(F7+G7+H7) -> 0 | I4: =(I7+J7+K7) -> 0 | L4: =(L7+M7+N7) -> 0
B5: 季度财报进度 | C5: =(C7+D7+E7)/(C6+D6+E6) -> #DIV/0! | F5: =(F7+G7+H7)/(F6+G6+H6) -> #DIV/0! | I5: =(I7+J7+K7)/(I6+J6+K6) -> 0 | L5: =(L7+M7+N7)/(L6+M6+N6) -> 0
A6: 目标完成情况 | B6: 月度目标 利润（人民币） | C6: =[1]目标拆解!B76 -> 0 | D6: =[1]目标拆解!C76 -> 0 | E6: =[1]目标拆解!D76 -> 0 | F6: =[1]目标拆解!E76 -> 0 | G6: =[1]目标拆解!F76 -> 0 | H6: =[1]目标拆解!G76 -> 0 | I6: =[1]目标拆解!H76 -> 55080 | J6: =[1]目标拆解!I76 -> 165240 | ... N6: =[1]目标拆解!M76 -> 55080 | O6: =SUM(C6:N6) -> 918000
B7: 实际利润（人民币） | C7: ='[1]月度数据汇总--女装'!C18 -> 0 | D7: ='[1]月度数据汇总--女装'!D18 -> 0 | E7: ='[1]月度数据汇总--女装'!E18 -> 0 | F7: ='[1]月度数据汇总--女装'!F18 -> 0 | G7: ='[1]月度数据汇总--女装'!G18 -> 0 | H7: ='[1]月度数据汇总--女装'!H18 -> 0 | I7: ='[1]月度数据汇总--女装'!I18 -> 0 | J7: ='[1]月度数据汇总--女装'!J18 -> 0 | ... N7: ='[1]月度数据汇总--女装'!N18 -> 0 | O7: =SUM(C7:N7) -> 0
B8: 目标完成进度 | C8: =C7/C6 -> #DIV/0! | D8: =D7/D6 -> #DIV/0! | E8: =E7/E6 -> #DIV/0! | F8: =F7/F6 -> #DIV/0! | G8: =G7/G6 -> #DIV/0! | H8: =H7/H6 -> #DIV/0! | I8: =I7/I6 -> 0 | J8: =J7/J6 -> 0 | ... O8: =O7/O6 -> 0
B10: 销量目标 | C10: =[1]目标拆解!B80 -> 0 | D10: =[1]目标拆解!C80 -> 0 | E10: =[1]目标拆解!D80 -> 0 | F10: =[1]目标拆解!E80 -> 0 | G10: =[1]目标拆解!F80 -> 0 | H10: =[1]目标拆解!G80 -> 0 | I10: =[1]目标拆解!H80 -> 4559.2705 | J10: =[1]目标拆解!I80 -> 13677.812 | ... N10: =[1]目标拆解!M80 -> 4559.2705 | O10: =SUM(C10:N10) -> 75987.842
B11: 销量完成 | C11: ='[1]月度数据汇总--女装'!C19 -> 0 | D11: ='[1]月度数据汇总--女装'!D19 -> 0 | E11: ='[1]月度数据汇总--女装'!E19 -> 0 | F11: ='[1]月度数据汇总--女装'!F19 -> 0 | G11: ='[1]月度数据汇总--女装'!G19 -> 0 | H11: ='[1]月度数据汇总--女装'!H19 -> 0 | I11: ='[1]月度数据汇总--女装'!I19 -> 0 | J11: ='[1]月度数据汇总--女装'!J19 -> 0 | ... N11: ='[1]月度数据汇总--女装'!N19 -> 0 | O11: =SUM(C11:N11) -> 0
B12: 销量完成进度 | C12: =C11/C10 -> #DIV/0! | D12: =D11/D10 -> #DIV/0! | E12: =E11/E10 -> #DIV/0! | F12: =F11/F10 -> #DIV/0! | G12: =G11/G10 -> #DIV/0! | H12: =H11/H10 -> #DIV/0! | I12: =I11/I10 -> 0 | J12: =J11/J10 -> 0 | ... O12: =O11/O10 -> 0
B14: 实销目标 | C14: =[1]目标拆解!B82 -> 0 | D14: =[1]目标拆解!C82 -> 0 | E14: =[1]目标拆解!D82 -> 0 | F14: =[1]目标拆解!E82 -> 0 | G14: =[1]目标拆解!F82 -> 0 | H14: =[1]目标拆解!G82 -> 0 | I14: =[1]目标拆解!H82 -> 957.44681 | J14: =[1]目标拆解!I82 -> 2872.3404 | ... N14: =[1]目标拆解!M82 -> 957.44681 | O14: =SUM(C14:N14) -> 15957.447
B15: 实销完成 | C15: ='[1]月度数据汇总--女装'!C20 -> 0 | D15: ='[1]月度数据汇总--女装'!D20 -> 0 | E15: ='[1]月度数据汇总--女装'!E20 -> 0 | F15: ='[1]月度数据汇总--女装'!F20 -> 0 | G15: ='[1]月度数据汇总--女装'!G20 -> 0 | H15: ='[1]月度数据汇总--女装'!H20 -> 0 | I15: ='[1]月度数据汇总--女装'!I20 -> 0 | J15: ='[1]月度数据汇总--女装'!J20 -> 0 | ... N15: ='[1]月度数据汇总--女装'!N20 -> 0 | O15: =SUM(C15:N15) -> 0
B16: 实销完成进度 | C16: =C15/C14 -> #DIV/0! | D16: =D15/D14 -> #DIV/0! | E16: =E15/E14 -> #DIV/0! | F16: =F15/F14 -> #DIV/0! | G16: =G15/G14 -> #DIV/0! | H16: =H15/H14 -> #DIV/0! | I16: =I15/I14 -> 0 | J16: =J15/J14 -> 0 | ... O16: =O15/O14 -> 0
B18: GMV目标 | C18: =[1]目标拆解!B72 -> 0 | D18: =[1]目标拆解!C72 -> 0 | E18: =[1]目标拆解!D72 -> 0 | F18: =[1]目标拆解!E72 -> 0 | G18: =[1]目标拆解!F72 -> 0 | H18: =[1]目标拆解!G72 -> 0 | I18: =[1]目标拆解!H72 -> 21428571 | J18: =[1]目标拆解!I72 -> 64285714 | ... N18: =[1]目标拆解!M72 -> 21428571 | O18: =SUM(C18:N18) -> 3.5714286e+08
B19: GMV完成 | C19: ='[1]月度数据汇总--女装'!C21 -> 0 | D19: ='[1]月度数据汇总--女装'!D21 -> 0 | E19: ='[1]月度数据汇总--女装'!E21 -> 0 | F19: ='[1]月度数据汇总--女装'!F21 -> 0 | G19: ='[1]月度数据汇总--女装'!G21 -> 0 | H19: ='[1]月度数据汇总--女装'!H21 -> 0 | I19: ='[1]月度数据汇总--女装'!I21 -> 0 | J19: ='[1]月度数据汇总--女装'!J21 -> 0 | ... N19: ='[1]月度数据汇总--女装'!N21 -> 0 | O19: =SUM(C19:N19) -> 0
B20: GMV完成进度 | C20: =C19/C18 -> #DIV/0! | D20: =D19/D18 -> #DIV/0! | E20: =E19/E18 -> #DIV/0! | F20: =F19/F18 -> #DIV/0! | G20: =G19/G18 -> #DIV/0! | H20: =H19/H18 -> #DIV/0! | I20: =I19/I18 -> 0 | J20: =J19/J18 -> 0 | ... O20: =O19/O18 -> 0
B22: GSV目标 | C22: =[1]目标拆解!B74 -> 0 | D22: =[1]目标拆解!C74 -> 0 | E22: =[1]目标拆解!D74 -> 0 | F22: =[1]目标拆解!E74 -> 0 | G22: =[1]目标拆解!F74 -> 0 | H22: =[1]目标拆解!G74 -> 0 | I22: =[1]目标拆解!H74 -> 360000 | J22: =[1]目标拆解!I74 -> 1080000 | ... N22: =[1]目标拆解!M74 -> 360000 | O22: =SUM(C22:N22) -> 6000000
B23: GSV完成 | C23: ='[1]月度数据汇总--女装'!C22 -> 0 | D23: ='[1]月度数据汇总--女装'!D22 -> 0 | E23: ='[1]月度数据汇总--女装'!E22 -> 0 | F23: ='[1]月度数据汇总--女装'!F22 -> 0 | G23: ='[1]月度数据汇总--女装'!G22 -> 0 | H23: ='[1]月度数据汇总--女装'!H22 -> 0 | I23: ='[1]月度数据汇总--女装'!I22 -> 0 | J23: ='[1]月度数据汇总--女装'!J22 -> 0 | ... N23: ='[1]月度数据汇总--女装'!N22 -> 0 | O23: =SUM(C23:N23) -> 0
B24: GSV完成进度 | C24: =C23/C22 -> #DIV/0! | D24: =D23/D22 -> #DIV/0! | E24: =E23/E22 -> #DIV/0! | F24: =F23/F22 -> #DIV/0! | G24: =G23/G22 -> #DIV/0! | H24: =H23/H22 -> #DIV/0! | I24: =I23/I22 -> 0 | J24: =J23/J22 -> 0 | ... O24: =O23/O22 -> 0
B26: 退款率 | C26: =1-C23*12.5/(C19) -> #DIV/0! | D26: =1-D23*12.5/(D19) -> #DIV/0! | E26: =1-E23*12.5/(E19) -> #DIV/0! | F26: =1-F23*12.5/(F19) -> #DIV/0! | G26: =1-G23*12.5/(G19) -> #DIV/0! | H26: =1-H23*12.5/(H19) -> #DIV/0! | I26: =1-I23*12.5/(I19) -> #DIV/0! | J26: =1-J23*12.5/(J19) -> #DIV/0! | ... O26: =1-O23*12.5/(O19) -> #DIV/0!
B27: 退货率 | C27: =1-C15/C11 -> #DIV/0! | D27: =1-D15/D11 -> #DIV/0! | E27: =1-E15/E11 -> #DIV/0! | F27: =1-F15/F11 -> #DIV/0! | G27: =1-G15/G11 -> #DIV/0! | H27: =1-H15/H11 -> #DIV/0! | I27: =1-I15/I11 -> #DIV/0! | J27: =1-J15/J11 -> #DIV/0! | ... O27: =1-O15/O11 -> #DIV/0!
B28: 利润率 | C28: =C7/(C23) -> #DIV/0! | D28: =D7/(D23) -> #DIV/0! | E28: =E7/(E23) -> #DIV/0! | F28: =F7/(F23) -> #DIV/0! | G28: =G7/(G23) -> #DIV/0! | H28: =H7/(H23) -> #DIV/0! | I28: =I7/(I23) -> #DIV/0! | J28: =J7/(J23) -> #DIV/0! | ... O28: =O7/(O23) -> #DIV/0!

Sheet WB汤总女装店
A1: 2026年度WB进度
A2: 项目 | B2: 月度 | C2: 2月 | D2: 3月 | E2: 4月 | F2: 5月 | G2: 6月 | H2: 7月 | I2: 8月 | J2: 9月 | K2: 10月 | L2: 11月 | M2: 12月 | N2: 1月 | O2: 汇总
B3: 季度 | C3: Q1 | F3: Q2 | I3: Q3 | L3: Q4
B4: 季度财报 | C4: =(C7+D7+E7) -> 0 | F4: =(F7+G7+H7) -> 0 | I4: =(I7+J7+K7) -> 0 | L4: =(L7+M7+N7) -> 0
B5: 季度财报进度 | C5: =(C7+D7+E7)/(C6+D6+E6) -> #DIV/0! | F5: =(F7+G7+H7)/(F6+G6+H6) -> #DIV/0! | I5: =(I7+J7+K7)/(I6+J6+K6) -> 0 | L5: =(L7+M7+N7)/(L6+M6+N6) -> 0
A6: 目标完成情况 | B6: 月度目标 利润（人民币） | C6: =[1]目标拆解!B93 -> 0 | D6: =[1]目标拆解!C93 -> 0 | E6: =[1]目标拆解!D93 -> 0 | F6: =[1]目标拆解!E93 -> 0 | G6: =[1]目标拆解!F93 -> 0 | H6: =[1]目标拆解!G93 -> 0 | I6: =[1]目标拆解!H93 -> 36000 | J6: =[1]目标拆解!I93 -> 60000 | ... N6: =[1]目标拆解!M93 -> 42000 | O6: =SUM(C6:N6) -> 300000
B7: 实际利润（人民币） | C7: ='[1]月度数据汇总--女装'!C23 -> 0 | D7: ='[1]月度数据汇总--女装'!D23 -> 0 | E7: ='[1]月度数据汇总--女装'!E23 -> 0 | F7: ='[1]月度数据汇总--女装'!F23 -> 0 | G7: ='[1]月度数据汇总--女装'!G23 -> 0 | H7: ='[1]月度数据汇总--女装'!H23 -> 0 | I7: ='[1]月度数据汇总--女装'!I23 -> 0 | J7: ='[1]月度数据汇总--女装'!J23 -> 0 | ... N7: ='[1]月度数据汇总--女装'!N23 -> 0 | O7: =SUM(C7:N7) -> 0
B8: 目标完成进度 | C8: =C7/C6 -> #DIV/0! | D8: =D7/D6 -> #DIV/0! | E8: =E7/E6 -> #DIV/0! | F8: =F7/F6 -> #DIV/0! | G8: =G7/G6 -> #DIV/0! | H8: =H7/H6 -> #DIV/0! | I8: =I7/I6 -> 0 | J8: =J7/J6 -> 0 | ... O8: =O7/O6 -> 0
B10: 销量目标 | C10: =[1]目标拆解!B97 -> 0 | D10: =[1]目标拆解!C97 -> 0 | E10: =[1]目标拆解!D97 -> 0 | F10: =[1]目标拆解!E97 -> 0 | G10: =[1]目标拆解!F97 -> 0 | H10: =[1]目标拆解!G97 -> 0 | I10: =[1]目标拆解!H97 -> 4559.2705 | J10: =[1]目标拆解!I97 -> 7598.7842 | ... N10: =[1]目标拆解!M97 -> 5319.1489 | O10: =SUM(C10:N10) -> 37993.921
B11: 销量完成 | C11: ='[1]月度数据汇总--女装'!C24 -> 0 | D11: ='[1]月度数据汇总--女装'!D24 -> 0 | E11: ='[1]月度数据汇总--女装'!E24 -> 0 | F11: ='[1]月度数据汇总--女装'!F24 -> 0 | G11: ='[1]月度数据汇总--女装'!G24 -> 0 | H11: ='[1]月度数据汇总--女装'!H24 -> 0 | I11: ='[1]月度数据汇总--女装'!I24 -> 0 | J11: ='[1]月度数据汇总--女装'!J24 -> 0 | ... N11: ='[1]月度数据汇总--女装'!N24 -> 0 | O11: =SUM(C11:N11) -> 0
B12: 销量完成进度 | C12: =C11/C10 -> #DIV/0! | D12: =D11/D10 -> #DIV/0! | E12: =E11/E10 -> #DIV/0! | F12: =F11/F10 -> #DIV/0! | G12: =G11/G10 -> #DIV/0! | H12: =H11/H10 -> #DIV/0! | I12: =I11/I10 -> 0 | J12: =J11/J10 -> 0 | ... O12: =O11/O10 -> 0
B14: 实销目标 | C14: =[1]目标拆解!B99 -> 0 | D14: =[1]目标拆解!C99 -> 0 | E14: =[1]目标拆解!D99 -> 0 | F14: =[1]目标拆解!E99 -> 0 | G14: =[1]目标拆解!F99 -> 0 | H14: =[1]目标拆解!G99 -> 0 | I14: =[1]目标拆解!H99 -> 957.44681 | J14: =[1]目标拆解!I99 -> 1595.7447 | ... N14: =[1]目标拆解!M99 -> 1117.0213 | O14: =SUM(C14:N14) -> 7978.7234
B15: 实销完成 | C15: ='[1]月度数据汇总--女装'!C25 -> 0 | D15: ='[1]月度数据汇总--女装'!D25 -> 0 | E15: ='[1]月度数据汇总--女装'!E25 -> 0 | F15: ='[1]月度数据汇总--女装'!F25 -> 0 | G15: ='[1]月度数据汇总--女装'!G25 -> 0 | H15: ='[1]月度数据汇总--女装'!H25 -> 0 | I15: ='[1]月度数据汇总--女装'!I25 -> 0 | J15: ='[1]月度数据汇总--女装'!J25 -> 0 | ... N15: ='[1]月度数据汇总--女装'!N25 -> 0 | O15: =SUM(C15:N15) -> 0
B16: 实销完成进度 | C16: =C15/C14 -> #DIV/0! | D16: =D15/D14 -> #DIV/0! | E16: =E15/E14 -> #DIV/0! | F16: =F15/F14 -> #DIV/0! | G16: =G15/G14 -> #DIV/0! | H16: =H15/H14 -> #DIV/0! | I16: =I15/I14 -> 0 | J16: =J15/J14 -> 0 | ... O16: =O15/O14 -> 0
B18: GMV目标 | C18: =[1]目标拆解!B89 -> 0 | D18: =[1]目标拆解!C89 -> 0 | E18: =[1]目标拆解!D89 -> 0 | F18: =[1]目标拆解!E89 -> 0 | G18: =[1]目标拆解!F89 -> 0 | H18: =[1]目标拆解!G89 -> 0 | I18: =[1]目标拆解!H89 -> 21428571 | J18: =[1]目标拆解!I89 -> 35714286 | ... N18: =[1]目标拆解!M89 -> 25000000 | O18: =SUM(C18:N18) -> 1.7857143e+08
B19: GMV完成 | C19: ='[1]月度数据汇总--女装'!C26 -> 0 | D19: ='[1]月度数据汇总--女装'!D26 -> 0 | E19: ='[1]月度数据汇总--女装'!E26 -> 0 | F19: ='[1]月度数据汇总--女装'!F26 -> 0 | G19: ='[1]月度数据汇总--女装'!G26 -> 0 | H19: ='[1]月度数据汇总--女装'!H26 -> 0 | I19: ='[1]月度数据汇总--女装'!I26 -> 0 | J19: ='[1]月度数据汇总--女装'!J26 -> 0 | ... N19: ='[1]月度数据汇总--女装'!N26 -> 0 | O19: =SUM(C19:N19) -> 0
B20: GMV完成进度 | C20: =C19/C18 -> #DIV/0! | D20: =D19/D18 -> #DIV/0! | E20: =E19/E18 -> #DIV/0! | F20: =F19/F18 -> #DIV/0! | G20: =G19/G18 -> #DIV/0! | H20: =H19/H18 -> #DIV/0! | I20: =I19/I18 -> 0 | J20: =J19/J18 -> 0 | ... O20: =O19/O18 -> 0
B22: GSV目标 | C22: =[1]目标拆解!B91 -> 0 | D22: =[1]目标拆解!C91 -> 0 | E22: =[1]目标拆解!D91 -> 0 | F22: =[1]目标拆解!E91 -> 0 | G22: =[1]目标拆解!F91 -> 0 | H22: =[1]目标拆解!G91 -> 0 | I22: =[1]目标拆解!H91 -> 360000 | J22: =[1]目标拆解!I91 -> 600000 | ... N22: =[1]目标拆解!M91 -> 420000 | O22: =SUM(C22:N22) -> 3000000
B23: GSV完成 | C23: ='[1]月度数据汇总--女装'!C27 -> 0 | D23: ='[1]月度数据汇总--女装'!D27 -> 0 | E23: ='[1]月度数据汇总--女装'!E27 -> 0 | F23: ='[1]月度数据汇总--女装'!F27 -> 0 | G23: ='[1]月度数据汇总--女装'!G27 -> 0 | H23: ='[1]月度数据汇总--女装'!H27 -> 0 | I23: ='[1]月度数据汇总--女装'!I27 -> 0 | J23: ='[1]月度数据汇总--女装'!J27 -> 0 | ... N23: ='[1]月度数据汇总--女装'!N27 -> 0 | O23: =SUM(C23:N23) -> 0
B24: GSV完成进度 | C24: =C23/C22 -> #DIV/0! | D24: =D23/D22 -> #DIV/0! | E24: =E23/E22 -> #DIV/0! | F24: =F23/F22 -> #DIV/0! | G24: =G23/G22 -> #DIV/0! | H24: =H23/H22 -> #DIV/0! | I24: =I23/I22 -> 0 | J24: =J23/J22 -> 0 | ... O24: =O23/O22 -> 0
B26: 退款率 | C26: =1-C23*12.5/(C19) -> #DIV/0! | D26: =1-D23*12.5/(D19) -> #DIV/0! | E26: =1-E23*12.5/(E19) -> #DIV/0! | F26: =1-F23*12.5/(F19) -> #DIV/0! | G26: =1-G23*12.5/(G19) -> #DIV/0! | H26: =1-H23*12.5/(H19) -> #DIV/0! | I26: =1-I23*12.5/(I19) -> #DIV/0! | J26: =1-J23*12.5/(J19) -> #DIV/0! | ... O26: =1-O23*12.5/(O19) -> #DIV/0!
B27: 退货率 | C27: =1-C15/C11 -> #DIV/0! | D27: =1-D15/D11 -> #DIV/0! | E27: =1-E15/E11 -> #DIV/0! | F27: =1-F15/F11 -> #DIV/0! | G27: =1-G15/G11 -> #DIV/0! | H27: =1-H15/H11 -> #DIV/0! | I27: =1-I15/I11 -> #DIV/0! | J27: =1-J15/J11 -> #DIV/0! | ... O27: =1-O15/O11 -> #DIV/0!
B28: 利润率 | C28: =C7/(C23) -> #DIV/0! | D28: =D7/(D23) -> #DIV/0! | E28: =E7/(E23) -> #DIV/0! | F28: =F7/(F23) -> #DIV/0! | G28: =G7/(G23) -> #DIV/0! | H28: =H7/(H23) -> #DIV/0! | I28: =I7/(I23) -> #DIV/0! | J28: =J7/(J23) -> #DIV/0! | ... O28: =O7/(O23) -> #DIV/0!
